Brand,Name,Rating,Review,Harga_Diskon,Harga_Asli
Maybelline,Superstay Vinyl Ink Tint,4.7,5000,139900,139900
Skintific,Perfect Stay Velvet Matte Cushion,4.8,758,140700,168840
Dear Me Beauty,Serum Lip Tint,4.6,4300,35280,40670
Skintific,Ultra Cover Powder Foundation,4.8,294,124050,148860
barenbliss,Peach Makes Perfect Lip Tint,4.6,5800,65610,72900
Skintific,Cover All Perfect Cushion,4.7,3500,167832,209790
Maybelline,Superstay Matte Ink,4.6,5800,138900,138900
Skintific,REFILL Cover All Perfect Cushion,4.8,1100,115718,154290
Studio Tropik,Dreamsetter Setting Spray,4.7,2900,60357,180653
Glad2Glow,Perfect Cover Cushion,4.8,404,98100,109000
Skintific,REFILL Perfect Stay Velvet Matte Cushion,4.9,310,99075,118890
ESQA,Flawless Liquid Concealer,4.7,5100,120000,120000
ESQA,Wonder Crush Serum Liquid Blush,4.8,1000,99000,109000
Make Over,Powerstay Glazed Lock Lip Pigment,4.7,475,134100,149000
Studio Tropik,Dreamsetter Glowy Setting Spray,4.6,2100,60906,180653
Maybelline,Lash Sensational Sky High Mascara,4.8,1700,154900,154900
Skintific,Cover Perfect Serum Concealer,4.8,400,76930,109900
Maybelline,Superstay Teddy Tint,4.6,225,140900,140900
Mother of Pearl,"G.W.S. (Gleaming, Wonderful, Shiny) Plump Gloss",4.6,1500,89100,99000
Mother of Pearl,AM to PM Colorfast Hypertint,4.6,1400,88110,89100
ESQA,Powder Blush,4.7,4200,98000,105000
Loreal Paris,Infallible Matte Resistance Liquid Lipstick,4.8,298,156400,156400
Dazzle Me,Get a Grip! Makeup Setting Spray Fix,4.7,212,38610,42900
barenbliss,Lily Makes Luminous Glow Tint,4.7,547,65610,72900
Rose All Day,Lip Mousse Records,4.7,1900,81180,99000
TIMEPHORIA,STELLAR DUST LIP STAIN,4.6,99,132000,132000
ESQA,Goddess Eyeshadow Palette,4.8,4600,156000,195000
ESQA,Setting Powder,4.7,2600,114750,135000
Mother of Pearl,Browgraphy Angled Precision Brow Pen,4.8,210,92650,98100
Make Over,Powerstay Transferproof Matte Lip cream,4.7,2200,128700,143000
Mother of Pearl,Anti Cakey Lock and Smooth Gripping Primer,4.7,3000,161100,179000
barenbliss,Roll to Volume Mascara,4.8,807,74610,82900
Skintific,Lock The Look Setting Spray,4.8,178,128880,143200
Luxcrime,Luxcrime Ultra Light Lip Stain,4.7,440,71100,79000
Maybelline,Volum Express Hyper Curl Mascara,4.6,8300,89900,89900
ESQA,Minimalist Blurring Serum Skin Tint SPF 35 PA++,4.8,265,129000,169000
ESQA,Brow Pomade Pencil,4.6,3500,85500,94500
Rose All Day,The Realest Lightweight Skin Tint,4.6,1200,71550,159000
barenbliss,Cherry Makes Cheerful Lip Velvet,4.6,2500,65610,72900
Make Over,Color Stick Matte Crayon,4.5,1500,103500,115000
Mother of Pearl,My Perfect Nude Lip Cream,4.7,467,107100,119000
Maybelline,Superstay Matte Ink Un-Nude Liquid Lipstick,4.6,3800,138900,138900
Holika Holika,Heart Crush Glow Tint Air,4.6,2100,120000,120000
Luxcrime,LUXCRIME Blur & Cover Two Way Cake : Oil Control,4.8,296,122550,129000
ESQA,Flawless Cushion Serum SPF 50+ PA+++,4.6,2300,160000,208000
Azarine,Tinted Lippie Cake,4.6,1400,44100,49000
Wardah,Glasting Liquid Lip,4.7,238,87300,97000
Mother of Pearl,Microblur Translucent Loose Powder,4.7,4700,127200,143100
Innisfree,Auto Eyebrow Pencil 0.3g,4.7,454,48800,64600
barenbliss,Korean Bloomatte Full Bloom Transferproof Matte Tint LONGLAST 12H,4.6,1500,65610,72900
Sea Makeup,Lacquer Shake Lip Ink,4.6,297,66700,81200
barenbliss,Apple Makes Adorable Mousse Tint,4.7,421,65610,72900
ESQA,Flawless Powder Foundation,4.6,2500,119000,135000
Rose All Day,The Realest Lightweight Concealer,4.7,2900,111200,125100
Mother of Pearl,Bulletproof Set and Protect Continuous Mist - Satin,4.8,106,90300,129000
Sea Makeup,Acne Cover & Smooth Two Way Cake,4.7,578,89700,109200
ESQA,Slick Drip Serum Lip Tint,4.6,844,79000,79000
barenbliss,Roll to Length Steel Mascara,4.8,147,74610,82900
ESQA,Lip Gloss,4.5,3100,75000,100000
BLP Beauty,Lip Liner,4.7,221,95000,95000
Glad2Glow,Perfect Blurring Powder Foundation,4.7,62,88200,98000
ESQA,Waterproof Intense Eyeliner,4.7,2000,112500,125000
Luxcrime,Luxcrime Sponge-Tip Seamless Liquid Contour,4.6,170,94050,99000
Laneige,NEO Cushion Glow,4.8,437,418000,440000
Sea Makeup,Gleam Luster Tinted Lip Balm,4.7,94,59800,81200
Mother of Pearl,Bulletproof Set and Protect Continuous Mist - Matte,4.7,96,90300,129000
Sea Makeup,Slick Cover Jelly Tint,4.7,540,55200,67200
Mother of Pearl,Vantablack Waterproof Precision Liner,4.5,182,87120,99000
Skintific,Perfect Stay Velvet Matte Cushion [Denim Limited Edition],4.8,177,168840,187600
Loreal Paris,Voluminous Panorama Waterproof Mascara,4.8,97,164900,164900
Innisfree,No Sebum Mineral Powder,4.7,626,104000,104000
Rose All Day,The Realest Lightweight Loose Powder,4.7,391,122180,126650
barenbliss,Roll To High Mascara,4.8,93,74610,82900
barenbliss,Bloomatte Perfect Zoom Cover Cushion,4.7,61,134910,149900
Mother of Pearl,Haute Holochrome Eyeshadow,4.7,500,184500,369000
ESQA,Freeze Tinted Brow Mascara,4.6,1800,135000,150000
Skintific,All Day Perfect Serum Foundation,4.8,455,149400,249000
ESQA,Flawless Liquid Corrector,4.7,944,120000,165000
Rose All Day,Brow fix micro pencil,4.6,345,87120,99000
Sea Makeup,Lock It Matte Acne Setting Spray,4.7,660,95200,95200
Luxcrime,Luxcrime Triple Action Micro Brow Definer,4.6,59,94050,99000
Luxcrime,Luxcrime Glow-Getter Dewy Setting Spray,4.7,245,75050,141550
BLP Beauty,Brow Definer,4.6,691,139000,139000
barenbliss,Plum Makes Plumping Lip Gloss,4.7,64,65610,72900
Maybelline,Hypersharp Extreme Eyeliner,4.7,372,154900,154900
Dear Me Beauty,Velvet Lip Tint,4.6,559,60830,79000
Rose All Day,Lip Gloss,4.5,1500,100620,103200
Dear Me Beauty,Airy Poreless Fluid Foundation,4.6,2600,85000,179000
Glad2Glow,REFILL Perfect Cover Cushion,4.8,76,78300,87000
ESQA,Brow Stroke Pencil,4.6,2100,90250,95000
Rose All Day,The Realest Lightweight Essence Cushion,4.7,1800,141750,151200
Maybelline,Superstay Lumi Matte Foundation,4.8,131,154900,154900
Maybelline,The Falsies Lash Lift,4.7,1800,164900,164900
TIRTIR,Mask Fit Red Cushion 18gr,4.6,111,315000,450000
Rose All Day,Thunder Lash Volumizing Mascara,4.8,1500,103200,129000
ESQA,Minimalist Serum Concealer,4.7,185,120000,120000
Holika Holika,Mellow Gliding Pencil Liner,4.5,312,128000,128000
Mother of Pearl,Bloom Maximum Intensity Pigment Blusher,4.7,221,95200,113050
Luxcrime,Luxcrime Blur & Cover Two Way Cake : Silk Glow,4.7,135,122550,129000
Azarine,Velvety Lippie Cream,4.5,522,54000,54000
TIMEPHORIA,NEBULA VELVET LIP CREAM,4.7,22,132000,132000
Guele Cosmetics,Bare Cushion,4.7,955,199000,199000
Mother of Pearl,Abracadabrow Tinted Brow Laminator,4.7,446,104720,119000
Make Over,Powerstay 24H Matte Powder Foundation,4.8,73,197100,219000
Sea Makeup,Browstage Micro Pencil,4.8,227,58800,58800
Mother of Pearl,Tender Touch Soft Ombré Powder Blush,4.8,281,103200,122550
BLP Beauty,Lip Coat,4.5,5900,139000,149000
Make Over,Silky Smooth Translucent Powder,4.5,2900,135900,151000
ESQA,The Goddess Cheek Palette,4.6,2400,180000,225000
Rose All Day,Plush Liptint,4.6,1300,77400,84150
Luxcrime,Luxcrime Instant Cover Hydralight Concealer,4.7,104,84550,89000
Sea Makeup,Browshow Eyebrow Trio Kit,4.7,284,55200,55200
Raine Beauty,Soft Cheek Color Drops,4.6,431,150300,167000
Luxcrime,Luxcrime Ulti-Matte Oil Control Setting Spray,4.7,224,75050,141550
Holika Holika,Tail Lasting Brush Liner EX,4.6,147,151200,168000
Rose All Day,Lip and Cheek Duo,4.6,502,89380,92650
Rose All Day,Thunder Lash Lengthening Mascara,4.8,1900,103200,129000
Tavi,Color Play Face Tint Blush,4.6,153,90000,100000
Rose All Day,Thunder Lash Mascara Hyper-Length,4.8,239,103200,129000
Maybelline,Tattoo Liner 48H Liquid Pen,4.8,215,93900,93900
Maybelline,Superstay Vinyl Ink Sauce Limited Edition,4.9,27,139900,139900
YOU Beauty,YOU Cloud Touch Blurring Skin Tint,4.7,728,109350,121500
ESQA,Cloud Kiss Refillable Powder Lipstick,4.7,178,69000,109000
Maybelline,Superstay Matte Ink Pink Edition,4.7,631,138900,138900
Sea Makeup,Vibrant Flushed Liquid Blush,4.8,83,78200,95200
ESQA,Blurred Haze Velvet Lip Tint,4.7,272,60000,99000
Espoir,Couture Lip Tint Glaze,4.8,228,269000,269000
Dazzle Me,Color Chrome Lipglaze,4.6,38,34110,37900
ESQA,Highlighter,4.6,1200,95000,95000
Rose All Day,The Realest Lightweight Powder Foundation,4.7,268,62550,69500
Rose All Day,Cheeky Veil Powder Blush,4.7,283,89380,109000
Rose All Day,Rosé All Day's The Powerpuff Girls Lip Mousse,4.6,94,87120,99000
NPure,Power Powder,4.7,74,89100,99000
BLP Beauty,Face Powder 10 gr,4.6,2900,79500,159000
Mother of Pearl,My Lips But Prettier Silk Tint,4.7,586,90300,129000
Luxcrime,Luxcrime Seamless Bouncy Blush,4.7,184,84550,89000
Studio Tropik,Foundcealer 2 in 1 Foundation & Concealer,4.6,159,175824,199800
BLP Beauty,Lip Coat Butter Fudge Collection,4.8,50,149000,149000
Jacquelle Beaute,Slim Brow (2in1 Pensil Alis & Spoolie),4.8,453,84480,96000
Make Over,Hyperblack Superstay Liner,4.7,670,140000,140000
Maybelline,Fit Me Matte and Poreless Liquid Foundation,4.6,1900,171900,171900
Luxcrime,Perfecting Hydralight® Skin Tint SPF 35,4.8,30,151050,159000
Laneige,NEO Cushion Matte,4.8,345,418000,440000
Loreal Paris,Volume Lash Paradise,4.7,3700,204500,204500
Skintific,Invisiblur All Day Loose Powder,4.8,49,138600,154000
Make Over,Intense Matte Lip Cream,4.5,8700,107100,119000
barenbliss,Bloomatte Soul-Matte Loose Powder,4.6,43,106305,111900
YOU Beauty,YOU NoutriWear+ Airy Fit Loose Powder,4.6,736,65700,73000
Holika Holika,Wonder Drawing 24hr Auto Eyebrow,4.6,307,86000,86000
Maybelline,Maybelline Lash Sensational Firework Mascara,4.9,24,159900,159900
Romand,Juicy Lasting Tint,4.4,302,152100,169000
ESQA,Flawless Cushion Serum SPF 50+ PA++++ Velvet Matte,4.8,40,160000,208000
Azarine,Oh! My Brow Definer,4.7,384,55000,55000
Jacquelle Beaute,Jacquelle Glitter Gloss Tint x Jazzy - Inside Out Edition,4.9,219,127200,159000
barenbliss,Locklook Dewy Setting Spray,4.8,132,64710,71900
Studio Tropik,Elixir Priming Water,4.6,65,87120,148720
ESQA,Bronzer,4.7,1100,95000,95000
barenbliss,Moist Mochi Paste Powder Blush,4.9,106,75905,79900
Dear Me Beauty,Airy Poreless Powder Foundation,4.7,181,74000,115370
Maybelline,Fit Me Matte & Poreless Compact Powder,4.6,1100,83900,83900
Dazzle Me,Color Chrome Lip Matte,4.7,46,34110,37900
TIMEPHORIA,TIMELESS LUMINA MATTE PERFECTION CUSHION,4.8,35,210000,210000
barenbliss,Bloomdew Inner Light Serum Tint,4.7,41,116100,129000
Carasun,Carasun Solar Smart UV Sun Cushion SPF 50+ PA++++,4.6,1800,113400,189000
ESQA,Juicy Joy Serum Lip Oil,4.7,54,103550,109000
barenbliss,No Gravity Transferproof Matte Lipstick,4.7,41,85405,89900
Maybelline,Volum Express The Colossal Waterproof Mascara,4.7,652,94900,94900
Luxcrime,Luxcrime Ultra Smooth Lip Liner,4.6,113,80100,84550
Dazzle Me,Better Than Filter Maxnificent Essence Cushion,4.4,29,64710,71900
barenbliss,Locklook Matte Setting Spray,4.8,138,64710,71900
Rose All Day,The Realest Lightweight Compact Powder,4.6,1700,111750,122180
Rose All Day,Rosé All Day's The Powerpuff Girls Super Bounce Jelly Blush,4.7,28,101200,115000
Azarine,Mattelite Lock Lipstick,4.8,22,57200,65000
BLP Beauty,Eyeshadow Pocket Butter Fudge Collection,4.8,35,129000,129000
Make Over,Powerstay Demi-Matte Cover Cushion,4.6,3200,225000,225000
BLP Beauty,Compact Powder,4.6,689,149000,149000
Maybelline,Line Tattoo Crayon Liner,4.7,141,145900,145900
Studio Tropik,DreamSetter Airbrush Setting Powder,4.6,202,185814,199800
NPure,Power Cushion,4.7,56,134100,149000
ETUDE,Drawing Eye Brow,4.6,21,58200,60000
Espoir,COUTURE LIP TINT BLUR VELVET,4.7,85,269000,269000
ESQA,Mist Universe Setting Spray,4.6,1100,59000,130500
BLP Beauty,Dream Brow,4.6,73,109000,109000
Espoir,PRO TAILOR BE VELVET CUSHION,4.8,221,349000,349000
Maybelline,Sky High Cosmic Black Easy Wash Mascara Smudgeproof,4.5,24,154900,154900
Secondate,Silky Blur Powder,4.6,113,141550,149000
BLP Beauty,Lip Cotton,4.6,465,149000,149000
Make Over,Hydrastay Lite Glow Cushion,4.6,624,225000,225000
Amuse,Dew Tint Daisy,4.8,83,269100,284050
Loreal Paris,Infallible 32H Matte Cover Foundation,4.7,171,222000,229900
Loreal Paris,Infallible 24H Fresh Wear Powder Foundation,4.6,174,179900,179900
Rose All Day,Cheeky Flush Liquid Blush,4.7,51,98100,109000
Amuse,JEL-FIT TINT,4.6,75,269100,299000
Espoir,PRO TAILOR BE GLOW CUSHION NEW CLASS,4.7,117,314100,349000
Holika Holika,Water Vibe Tint,4.6,141,128000,128000
Emina,Airy Surprise Tint,4.7,60,69500,69500
Emina,Glossy Stain,4.6,3800,56000,56000
Sea Makeup,Acne Blur and Set Loose Powder,4.8,43,82800,109200
Wardah,Colorfit Perfect Glow Cushion,4.8,56,116100,129000
Holika Holika,Lash Correcting Mascara Long Extension,4.8,272,162000,180000
Azarine,Oh! So Fine Liner,4.5,160,55000,55000
BLP Beauty,Lip Gel,4.6,1000,119000,119000
Make Over,Velvet Mattifying Primer,4.4,1200,111000,111000
TIMEPHORIA,PANDORA CHEEK LIQUID BLUSH,4.8,17,109900,109900
Wardah,Matte Lip Cream,4.2,15900,68500,68500
Make Over,Powerstay Total Cover Liquid Concealer,4.6,624,107100,119000
Holika Holika,Lash Correcting Mascara Define Volume,4.8,237,162000,180000
Glamfix,Perfect Blink Lashes Natural New,4.7,61,16625,17500
Jacquelle Beaute,Jacquelle Lip Gloss Serum,4.9,213,104250,108420
ETUDE,Dear Darling Water Gel Tint,4.8,12,96030,99000
Jacquelle Beaute,Jacquelle BlushHer Blush x Shani Amelia - Disney 100 Winnie The Pooh Edition,4.9,328,113520,129000
Espoir,Nowear Lipstick Balming Glow,4.7,26,299000,299000
Guele Cosmetics,Eyebrow Pencil,4.8,549,129000,129000
Rose All Day,Rosé All Day's The Powerpuff Girls Hyper-Length Mascara,4.9,45,113520,129000
Carasun,Carasun Solar Smart UV - Sun Cushion SPF 50+ PA++++ Refill,4.6,923,83850,124900
Amuse,Bebe Tint,4.7,109,269100,284050
Artisan Professionnel,Classiques,4.7,1100,28000,28000
BLP Beauty,Face Concealer,4.7,1000,145000,145000
Laneige,Neo Essential Blurring Powder,4.8,109,380000,400000
Ariul,Ink Feather Cover Lasting Cushion,4.7,95,230300,296100
ESQA,Dream Lash Serum Mascara,4.8,108,122550,129000
Rose All Day,Rosé All Day's The Powerpuff Girls Stain Tint,4.6,94,87120,99000
Rose All Day,Poof! Blurring Pot,4.6,25,89380,92650
Rose All Day,Brow Fix Eyebrow Pencil,4.7,567,87120,99000
Maybelline,Tattoo Brow 36H Pencil,4.8,389,129900,129900
Luxcrime,Luxcrime Perfecting Cover Cushion - Healthy Glow SPF 35 PA +++,4.7,137,125300,179000
Wardah,Eyexpert Matic Brow Definer,4.6,101,57000,57000
The Originote,High Cover Serum Cushion,4.7,132,105800,105800
BLP Beauty,BLP X Tuku Lip Vinyl,4.6,230,47500,95000
Make Over,Powerstay Micro Brow Sculptor,4.9,16,121500,135000
Dazzle Me,Better than Filter Double Kill Two Way Cake Powder,4.6,6,53910,59900
NPure,Power Primer,4.7,43,80100,89000
Maybelline,Lip Lifter Gloss,4.6,191,156900,156900
Studio Tropik,DreamSetter Satin Make-up Setting Spray,4.7,3,60906,180653
Sea Makeup,Acne 24th Longwear Foundation,4.7,376,89700,89700
Wardah,Optimum Hi-Black Liner,4.4,2400,76050,84500
Azarine,It's So Porefect! Powder Foundation,4.6,34,63960,82000
Clio,"NEW! Sharp, So Simple Waterproof Pencil Liner",4.6,11,120000,160000
Jung Saem Mool,Essential Skin Nuder Cushion,4.8,27,699000,699000
BLP Beauty,Lip Bullet,4.5,910,104250,139000
Luxcrime,Luxcrime Shine Addict Lip Vinyl,4.5,56,80100,89000
Focallure,BROWS GEL CREAM,4.7,333,35900,78000
Klavuu,BLUE PEARLSATION High Coverage Marine Collagen Aqua Cushion SPF50+ PA+++,4.7,195,364650,407550
Wardah,Moist Dew Tint,4.7,55,64000,64000
Maybelline,Fit Me Concealer,4.5,5400,139900,139900
Rollover Reaction,DEWDROP! Lip and Cheek Tint,4.6,757,99190,109000
Luxcrime,Radiant Silk Foundation SPF 50 PA+++,4.7,117,135150,159000
Luxcrime,Luxcrime Perfecting Cover Cushion - Velvet Matte SPF 50 PA +++,4.7,100,125300,179000
BLP Beauty,Lip Petals,4.5,108,134100,149000
Tavi,Gel to Oil Staining Lip Glide,4.6,20,99000,99000
Azarine,Sweet Treats Eyeshadow,4.7,181,62000,62000
BLP Beauty,Lip Vinyl,4.6,250,80750,95000
Guele Cosmetics,Guèle Lip Moss,4.7,125,129000,129000
Secondate,Secondate Gel Lip Gloss,4.7,48,84150,99000
Bbia,BBIA Last Auto Gel Eyeliner,4.6,17,81750,103550
Guele Cosmetics,BARE Concealer,4.8,127,149000,149000
BLP Beauty,Eyeshadow Pen,4.5,647,139000,139000
Luxcrime,Luxcrime Ultra Stay Eyeliner,4.7,48,98100,109000
BLP Beauty,Airy Tint,4.6,193,89000,89000
Wardah,Colorfit 5D Blur Cloud Cushion,4.9,34,159000,159000
Make Over,Powerstay 24H Weightless Liquid Foundation,4.8,46,175500,195000
Rose All Day,Rosé All Day's The Powerpuff Girls Lip Sparkle,4.8,44,78320,89000
Clio,Kill Lash Superproof Mascara,4.8,132,195000,260000
YOU Beauty,YOU Express On Point Eyeliner,4.6,100,47700,53000
Instaperfect,Skincover Air Cushion,4.8,62,170100,189000
Rose All Day,Brow Fix Gel,4.6,164,89380,92650
YOU Beauty,YOU NoutriWear+ Complete Cover Concealer,4.5,501,52200,58000
barenbliss,Bloomatte Stay Confident 2-in-1 Foundation,4.7,194,132905,139900
Espoir,Nowear Lipstick Volume Matte,4.7,18,284050,299000
Mercredi,Mercredi - Luxe - MR531,4.5,9,24640,28000
BLP Beauty,Face Powder 30 gr,4.7,325,129500,259000
Espoir,Espoir Mega Melting Bomb,4.5,20,215100,239000
barenbliss,Dream Chaser Quad Eyeshadow Palette,4.7,125,104405,109900
Secondate,Brow Updo Browcara,4.6,262,85500,90250
Mother of Pearl,C.M.I.I.W Skin Corrector,4.7,37,110670,119000
Rose All Day,Rosé All Day's The Powerpuff Girls Eyeshadow Palette,4.7,41,78320,89000
Mercredi,Mercredi - Luxe - MR521,4.4,12,24640,28000
BLP Beauty,Baby Blush Butter Fudge Collection,4.4,23,91080,99000
BLP Beauty,Face Glow New,4.8,213,115000,115000
Maybelline,Instant Age Rewinder Concealer,4.5,3100,155900,160600
Holika Holika,Mellow Layering Stick Shadow,4.7,38,148000,148000
Espoir,THE BROW BALANCE PENCIL,4.7,25,188100,209000
ETUDE,Over Glowy Tint,4.6,5,218500,230000
Wardah,Colorfit Cream Blush,4.7,158,57000,57000
Maybelline,Fit Me Fresh Tint,4.6,879,114900,114900
Holika Holika,Lash Correcting Mascara Hyper Curling,4.8,136,162000,180000
YOU Beauty,YOU NEW FORMULA Rouge Power Matte Lip Cream,4.6,169,83700,93000
YOU Beauty,YOU Cloud Touch Juicy Tint,4.5,246,69300,77000
Clio,"Kill Cover High Glow Cushion SPF 50+, PA++++",4.8,45,382500,510000
Blink Charm,Sweet Classic #3 - 1 Pair Bundling Lem 1Ml,No Rating,0,48057,57900
BLP Beauty,Face Base,4.6,899,99500,199000
Holika Holika,Butter Blur Tint,4.5,92,142500,150000
Guele Cosmetics,BARE Skin Tint,4.7,36,189000,189000
Rose All Day,Frosty Coat Lip Oil,4.7,31,92650,109000
BLP Beauty,Cover Cushion,4.6,972,99500,199000
Amuse,DEW BALM,4.5,31,239200,254150
Holika Holika,Tail Lasting Sharp Pen Liner,4.7,78,159600,168000
Maybelline,Fit Me Matte and Poreless 24HR Oil Control Powder Foundation,4.8,1300,170900,170900
Make Over,Lash Impulse Waterproof Mascara,4.7,256,121500,135000
Klavuu,Urban Pearlsation High Coverage Tension Cushion EX,4.7,66,374250,474050
Klavuu,Urban Pearlsation High Coverage Tension Cushion EX (Refill Set),4.7,37,577150,679000
BLP Beauty,Eye Definer,4.7,85,109000,109000
Carasun,Carasun Healthy Matte UV Compact Powder,4.7,37,116100,122550
Jacquelle Beaute,She'll Blush Forever,4.9,269,109650,129000
Jung Saem Mool,Essential Skin Nuder Longwear Cushion,4.3,17,699000,699000
ESQA,Gleam Primer Serum Hydrating,4.5,169,115000,115000
Dear Me Beauty,Dear Me Beauty Stay Locked All Day Makeup Fixer - Setting Spray,4.7,113,59950,109000
Azarine,Chic to Cheek Blush,4.7,132,59000,59000
Holika Holika,Eye Metal Glitter,4.7,295,169100,178000
ETUDE,Dear Darling Water Tint,4.5,15,82450,85000
PinkFlash,Oilproof Curl Mascara,4.5,163,27900,29900
Espoir,COUTURE LIP TINT SHINE,4.7,87,269000,269000
Mercredi,POUDRE D’ESSENCE COUTURE Translucent powder,4.8,54,121440,138000
NPure,Power Setter,4.9,7,89100,99000
Focallure,Focallure x Sanrio Tinted Matte Lip Cream,4.7,69,59900,180000
Glamfix,GLAMFIX Perfect Blink Lashes Natural 04 New,4.7,17,16625,17500
Make Over,Powerstay Grip Brow Gel,4.9,20,149000,149000
Holika Holika,Mellow Blurring Lip Pencil,4.5,48,178000,178000
Make Over,[LIMITED EDITION] Make Over Glassy Lip Lacquer X Hian Tjen - Lipstik Lip Gloss Make Up,4.6,79,149000,149000
Dear Me Beauty,Airy Liquid Blush,4.7,56,82170,99000
Maybelline,Fit Me Matte and Poreless Primer,4.7,297,139900,139900
YOU Beauty,YOU NoutriWear+ Makeup Stay Lock Mist,4.5,312,52200,58000
Luxcrime,Luxcrime Slim Triangle Precision Brow Pencil,4.8,40,90250,95000
Mercredi,Mercredi - MR228,4.9,6,15840,18000
ETUDE,Color My Brows,4.8,12,106700,110000
barenbliss,Locklook Hydra Smooth Poreless Primer,4.6,16,71100,79000
Emina,Pore Ranger,4.5,1800,61200,68000
ETUDE,Fixing Tint,4.7,3,194750,205000
TIMEPHORIA,ETERNAL LIP MATTE,4.6,2,132000,132000
True To Skin,Skinlike Porefecting Cushion,4.7,139,94170,95460
Goban,Black Diamond Ultra Waterproof Liquid Eyeliner,4.5,1700,83300,119000
ESQA,Seal Primer Serum Mattifying,4.5,287,115000,115000
Studio Tropik,Daily Priming Water Primer Make-up,4.9,7,40260,102198
Secondate,Good Skin Day Concealer,4.7,144,55600,125100
Jung Saem Mool,Essential Skin Nuder Cushion Mini,4.7,18,261250,275000
Focallure,SETTING POWDER,4.6,170,39900,89000
Make Over,Powerstay Fix & Matte Makeup Setting Spray,4.6,557,107100,119000
BLP Beauty,Lip Cloud,4.6,10,104000,109000
Guele Cosmetics,Guèle Dualiner,4.8,32,139000,139000
Espoir,Fresh Setting Fixer,4.7,4,299000,299000
Make Over,Powerstay Brow Volumizer Mascara,5.0,10,139000,139000
Maybelline,Color Sensational Ultimatte Slim Lipstick,4.7,579,135900,135900
Jacquelle Beaute,Jacquelle Tinted Lipcloud x Shani Amelia - Disney 100 Winnie The Pooh Edition,4.9,254,122320,125100
Dear Me Beauty,Dear Me Beauty Hydraglow Lip Stain,4.9,73,65550,69000
Dazzle Me,Supore-Fine Skin Makeup Primer,4.7,6,44910,49900
ESQA,Minimalist Eye Tint Corrector,4.6,73,120000,120000
Make Over,Eye liner pencil,4.4,754,85500,95000
BLP Beauty,Moon Blush,4.7,14,104000,109000
BLP Beauty,Lash Bash,4.7,180,139000,139000
Romand,Glasting Water Gloss,4.4,31,152100,169000
House Of HUR,Moist Ampoule Blusher,4.3,50,174150,182750
Wardah,Colorfit Velvet Matte Lip Mousse,4.6,4300,79900,79900
Loreal Paris,Infallible Oil Killer High Coverage Powder,4.8,921,209000,209000
Jacquelle Beaute,Slim Eyetractive (Eyeliner Pen) Brush Waterproof,4.8,458,48000,84480
Holika Holika,My Fave Mood Eye Palette,4.6,58,286150,295000
Klavuu,White Pearlsation Ideal Backstage Cream,4.8,31,322150,379000
Maybelline,Tattoo Brow 3 Day Styling Gel,4.8,246,149900,149900
Holika Holika,My Fave Mood Eye Palette (Like Shell Collection),4.8,51,295000,295000
PinkFlash,3 Pan Eyeshadow,4.7,205,45900,126000
Focallure,AIR FIT MATTE LIQUID LIPSTICK,4.6,252,42899,140000
Klavuu,Natural Powder Blusher,4.7,46,139750,193500
Dazzle Me,Better than Filter Fixed Loose Powder,4.7,39,44910,49410
Jacquelle Beaute,She'll Kiss Forever,5.0,277,111200,139000
Emina,Cheeklit Pressed Blush,4.4,9400,44000,44000
Jacquelle Beaute,Lip Cloud (Hybrid Lip Cream & Lip Care) - Satin Finish Lip Eye Cheek,4.8,414,59500,101150
ETUDE,Lovely Cookie Blusher,4.7,4,106700,110000
Jacquelle Beaute,Eyetractive,4.8,1000,109480,119000
Focallure,GLOSSY TINT,4.4,253,44000,112000
YOU Beauty,YOU Cloud Touch Fixing Lip Tint,4.7,510,83700,93000
PinkFlash,Silky Velvet Lip Cream,4.5,119,29900,70000
TIRTIR,Mask Fit Red Cushion 4.5g,4.7,70,182000,260000
Wardah,EyeXpert Perfect Precision Liner,4.6,26,58500,58500
Wardah,EyeXpert Volume Expert Mascara,4.5,974,79200,88000
Goban,Goban Ultra Precise Brow Pencil,4.8,171,83300,119000
Instaperfect,Instaperfect Suede Lip Matte,4.9,8,119000,119000
Azarine,Pop The Soda! Highlighter,4.8,89,59000,59000
Espoir,NOMUDGING MASCARA WATERPROOF XP,4.8,15,260100,289000
Dazzle Me,Matte & Gloss Lip Cream Duo,4.6,11,36810,40900
Espoir,PRO TAILOR BE NATURAL CUSHION,4.6,16,489000,489000
Clio,Pro Eye Palette Air Luxury Koshort,4.8,21,360000,480000
Make Over,Hydrastay Liquid Tint Blush,4.7,169,145000,145000
Holika Holika,Piece Matching Shadow Palette,4.7,85,226100,238000
Skintific,Matte Cushion Set,No Rating,0,223790,319700
Goban,Translucent Setting Powder,4.7,670,90300,129000
TIRTIR,Waterism Glow Tint 1.8gr,4.6,6,98000,140000
Romand,Better Than Palette,4.8,54,337500,360000
ESQA,Refill Flawless Cushion Serum SPF 50+ PA+++ Satin,5.0,6,130500,145000
Focallure,Focallure x Sanrio Multi Effect Cushion SPF 50PA+++,4.9,27,139900,239900
Espoir,PRO TAILOR BE GLOW SHEER POWDER,4.6,18,359000,359000
Mad For Makeup,#GlassNotGloss 6HR Soft Stain + Cera-shine Tech Ink Like Air Glasstick,4.5,44,125100,139000
Espoir,Dewlike Jello Toneup Cushion,4.8,65,339000,339000
O.Two.O,Makeup Blush Stick Hydrating Gloss Lip & Cheek (Glow Colour Bounce Blush ),4.7,40,66757,150000
Luxcrime,Luxcrime Retractable Eyeliner Gel,4.5,31,80100,89000
Focallure,CREAMY LIP & CHEEK DUO,4.6,109,38000,126000
Rose All Day,Eye Cheek You Pot,4.6,676,95200,119000
Espoir,PRO TAILOR FOUNDATION BE GLOW NEW CLASS,4.8,20,398650,469000
BLP Beauty,Matte Liner,4.5,133,139000,139000
Holika Holika,Heart Crush Bare Glaze Tint,4.5,11,148000,148000
Bbia,BBIA Last Velvet Lip Tint (Note Edition),5.0,3,111750,126650
Luxcrime,Luxcrime Matte-Nificent Power Stain Lipstick,4.6,56,69300,99000
Klavuu,Sparkle Eyeshadow,4.9,30,107250,140250
Loreal Paris,Color Riche Intense Volume Matte,4.7,9,150500,150500
PinkFlash,Pro Touch Pencil Eyeliner,4.5,216,38000,98000
Jacquelle Beaute,She'll Lash Forever,4.9,326,104250,139000
Studio Tropik,[REFILL] Studio Tropik DreamSetter Airbrush Setting Powder,4.9,7,123876,133200
About Tone,Blur Powder Pact,4.5,13,152100,160550
Jung Saem Mool,Skin Nuder Cover Layer Cushion,4.8,4,750000,750000
Secondate,Milky Gel Lip Tint,4.5,985,116100,129000
Romand,Glasting Water Tint,4.6,43,152100,169000
Guele Cosmetics,Lip Fleur,4.7,116,109000,109000
Focallure,Focallure x Sanrio Setting Powder,4.7,17,38000,165000
Dazzle Me,Acne Armor Cover & Correct Skin Tint,4.6,5,44910,49900
Mad For Makeup,8HR Oil Control Pearl-fect Cover Skintint,4.8,39,170100,189000
Glad2Glow,Cushion Set,No Rating,0,141810,163000
Skintific,Cushion Set,No Rating,0,273060,364080
Luxcrime,Harley Quinn Two Way Cake Oil Control,4.8,1,122550,129000
O.Two.O,Mascara Waterproof Long Lasting Volumizing Lengthen Eye Lash Makeup (Instant Oversize Volume Mascara),4.7,43,49000,85000
BLP Beauty,Stellar Volume Mascara,5.0,8,134000,139000
Romand,Dewy.Ful Water,4.6,105,152100,169000
Espoir,REAL EYE PALETTE ALL NEW,4.9,43,359250,479000
YOU Beauty,YOU Noutriwear+ Flawless Cushion Foundation,4.7,234,157950,175500
Jacquelle Beaute,Jacquelle Face Palette Modest Golden Princess Edition,5.0,182,219300,258000
barenbliss,Mix-Match Mini Lip Tint Kit,No Rating,0,121500,135000
barenbliss,Locklook Silky Flawless Tinted Primer,4.7,7,71100,79000
Studio Tropik,Foundcealer 2 in 1 Foundation & Concealer+Fig Puff,No Rating,0,185000,254190
YOU Beauty,YOU 24H NoutriWear+ Velvet Liquid Foundation,4.5,218,94500,105000
Missha,Perfect Eyebrow Styler,4.2,85,128790,159000
PinkFlash,Lasting Matte Lipcream,4.5,92,18900,42000
Jung Saem Mool,Essential Mool Micro Fitting Mist,5.0,4,350000,550000
Bbia,BBIA Glow Lip Tint,4.5,12,119200,126650
Goban,Ultra Waterproof Liquid Eyeliner,4.7,407,83300,119000
Espoir,PRO TAILOR FOUNDATION BE VELVET,4.8,26,422100,469000
Holika Holika,Brow Correcting Shaper,4.6,45,180000,180000
Holika Holika,Jelly Dough Blusher,5.0,4,132800,160000
Lavie Lash,Lavie Lash - Chloe,4.5,50,54780,54780
Bbia,BBIA Last Powder Lipstick,4.5,4,104250,118150
Focallure,POWDER,4.5,65,47900,115000
Missha,M Perfect BB Cream SPF42 PA+++,4.4,451,90890,269445
Espoir,THE SLEEK LIPSTICK CREAM MATTE,4.6,36,262650,309000
Emina,Creamatte Lipstick,4.4,11700,48500,52000
YOU Beauty,YOU NoutriWear+ Silky Pressed Foundation,4.5,88,94500,105000
Raine Beauty,The Daily Skin Drops,4.5,126,169200,188000
Holika Holika,My Fave Mood Eye Palette (Pinkology Collection),4.7,23,295000,295000
Muzigae Mansion,Objet Liquid,4.6,5,220110,253000
YOU Beauty,YOU Lashboom Ultra Volume Mascara,4.7,47,69275,81500
Muzigae Mansion,Objet Water,4.5,14,220110,253000
PinkFlash,Pro Touch Eyeshadow Palette,4.8,140,69000,168000
barenbliss,Bloomatte Hi-Cover Foundation Balm,4.9,21,138605,145900
Amuse,Ceramic Skin Perfector Cushion,4.9,6,404100,449000
Jacquelle Beaute,Blur Effect Two Way Cake (TWC),4.8,921,112560,168000
Luxcrime,Luxcrime Seamless Highlighter Stick,4.8,17,101150,119000
Lavie Lash,Lavielash x Marlene Hariman,4.7,26,60280,60280
Amuse,Lip And Cheek Healthy Balm,4.6,9,236550,249000
BLP Beauty,Makeup Fixer,4.6,570,129000,129000
Luxcrime,Luxcrime Ultra Dreamy Eyeshadow Compact,4.9,49,77350,119000
Clio,Pro Eye Palette Air,4.7,18,360000,480000
Jacquelle Beaute,Tinted Lip Cloud,4.8,301,71400,95200
Holika Holika,My Fave Mood Eye Palette (Matte Magique Collection),4.4,9,286150,295000
Rabbit Habit,Water Stain,4.7,46,166320,189000
Jacquelle Beaute,Jacquelle Corrector Concealer,4.9,707,84960,118000
Luxcrime,Luxcrime x Alma Tando Born To Flush Liquid Blush - BONNI,4.7,8,99000,129000
Jacquelle Beaute,Glitter Gloss Serum - Disney 100 Mickey & Minnie Collection,5.0,201,95400,159000
Maybelline,Fit Me Blush New Formula,4.8,27,130900,130900
Focallure,TRUEMATTE LIQUID LIPSTICK,4.3,214,37900,88000
Nacific,Moodlift Dual Action Brow Definer,4.9,22,79500,159000
Instaperfect,Instaperfect Silk Touch Blusher,4.7,16,145000,145000
Raine Beauty,Lipslick Tinted Oil,4.4,96,140400,154000
Focallure,Focallure x Sanrio Flawless Long-Lasting Setting Spray,4.7,45,69900,350000
House Of HUR,Glowy Ampoule Tint,4.6,24,162000,166000
Mercredi,Mercredi - MR422,4.8,4,15840,18000
Secondate,Good Skin Day Tinted Serum,4.8,20,116100,129000
Blink Charm,Sweet Classic #1,4.8,9,118607,142900
Luxcrime,Harley Quinn Ultra Light Lip Stain,5.0,3,71100,79000
Make Over,Cliquematte Lip Stylo,4.4,1500,129000,129000
Amuse,DEW TINT,4.7,18,224250,269100
Holika Holika,Holi Pop Water Tint,4.3,254,88000,88000
BLP Beauty,Makeup Seal & Lock,4.5,36,149000,149000
Azarine,Galactic Shine Lip Gloss,4.0,1,57200,65000
Romand,Blur Fudge Tint,4.7,47,152100,169000
Luxcrime,Luxcrime Heathy Glow Skin Perfector,4.7,35,77350,119000
Amuse,Dew Power Vegan Cushion,4.6,7,404100,426550
Base,Seamless Days 3 in 1 Cheek Lip Eye Color,4.7,11,60950,115000
Evalash,Magnetic Eyelash Silver Set Aurora  - Bulu Mata Palsu Magnetik,4.8,27,152100,169000
Mother of Pearl,Tender Touch Creamy Butter Contour,4.9,3,110670,119000
ETUDE,Curl Fix Mascara,4.9,2,237500,250000
PinkFlash,Duo Lipgloss,4.6,39,35000,98000
Goban,Melted Matte Lip MLBB,4.6,477,91000,130000
Raine Beauty,Lip Velvet Hydrating Balm,4.5,46,140400,154000
Jacquelle Beaute,Lip Cloud - Disney 100 Mickey & Minnie Collection,5.0,211,95400,159000
O.Two.O,Waterproof Mascara Long Lasting Natural Curling Eye Lash Makeup (Volume Lengthening Fiber Mascara),4.6,25,49000,78000
TIMEPHORIA,TIMELESS SUPERNOVA SETTING SPRAY,5.0,1,143000,143000
YOU Beauty,YOU Cloud Touch Dreamy-fit Lasting Mesh Cushion,4.8,60,131220,145800
Holika Holika,Heart Crush Jelly Velvet Tint,4.6,65,114000,120000
Espoir,NOWEAR TINSTICK,4.7,24,245650,289000
Espoir,Fresh Setting Powder,5.0,2,299000,299000
BLP Beauty,Stardust Glow,5.0,2,124000,129000
Emina,Magic Potion,4.4,6500,51500,51500
Holika Holika,Eye Spanglitter,4.6,179,139040,142200
Clio,"Kill Cover The New Founwear Cushion SPF 50+, PA+++",4.7,34,382500,510000
ETUDE,Oh~My Line,No Rating,0,106700,110000
Emina,Cheeklit Cream Blush,4.4,13100,35000,35000
Jacquelle Beaute,Blur Effect Foundation,4.8,1100,71600,152150
Mercredi,SKINFINITE LUXE Flawless Finish Powder (Compact Powder),4.8,8,121440,138000
Maybelline,Magnum Big Shot Mascara,4.5,1300,166900,166900
Goban,Lip Matte,4.5,1000,91000,130000
O.Two.O,Stamp Eyeliner Black Double Head Waterproof Eyeliner Pencil Eye Makeup (Miraculous Cat-Eye Stamp Eyeliner Pen),4.7,33,49000,100000
Jung Saem Mool,New Classic Shine Lipstick,4.4,2,445550,469000
PinkFlash,Multi Face Pallet,4.6,34,65900,140000
Clio,Crystal Glam Tint,4.9,28,195000,260000
Make Over,Eye Brow Definition Kit,4.5,356,129000,129000
Amuse,Eye Color Pallete,5.0,2,512050,539000
Make Over,Brow Styler Eye Definer,4.5,548,127000,127000
Loreal Paris,Brow Artist Xpert,4.3,342,145400,145400
TIRTIR,Mask Fit Make Up Fixer,4.4,14,161000,230000
Make Over,Powerstay Eye Palette,4.6,203,301000,310000
Emina,Creamytint,4.6,4100,47500,47500
PinkFlash,Lasting Matte Foundation,4.4,100,33500,70000
Muzigae Mansion,Icy Glow,4.7,8,220110,253000
Luxcrime,Harley Quinn Ultra Stay Eyeliner,5.0,1,103550,109000
Guele Cosmetics,LUME Baked Blush,4.7,152,139000,139000
Romand,Zero Velvet Tint,4.5,23,152100,169000
BLP Beauty,Galactic Gloss,4.8,3,94000,99000
Azarine,Get Sunkissed! Bronzer,4.5,42,59000,59000
Holika Holika,Shell Glow Highlighter (Like Shell Collection),4.7,19,230640,248000
Clio,"Sharp, So Simple Waterproof Pen Liner",4.3,15,142500,190000
Base,Gloss & Go Lip Tint,4.7,30,55650,57750
Luxcrime,Luxcrime x Alma Tando Glow Seeker Highlighter - MIUW,4.1,6,99000,129000
Jacquelle Beaute,Lip Velvet SPY X FAMILY Collection,4.8,190,62550,139000
Clio,Pro Eye Palette,4.7,122,337500,450000
Make Over,Eye Brow Pencil,4.4,523,72000,72000
Carasun,CARASUN  SOLAR SMART UV - SUN CUSHION  SPF 50+ PA++++,4.5,177,113400,189000
Romand,Better Than Eyes,4.9,10,210600,234000
Clio,"Kill Cover Skin Fixer Cushion SPF 50+, PA+++",4.8,5,382500,510000
SASC,Stay Perfect Liquid Blush,4.7,11,122760,139500
DHC,Pure Color Lip Cream,4.5,142,179100,199000
Evalash,Magnetic Eyelash Gold Set Natural  - Bulu Mata Palsu Magnetik,4.9,56,233100,259000
Instaperfect,Instaperfect Matte Fit Powder Foundation,4.7,14,149000,149000
Holika Holika,My Fave Mood Eye Palette (Tarose Collection),4.9,9,286150,295000
Klavuu,Actress Backstage Vegan Base Fixing,4.9,11,265300,379000
Emina,Bright Stuff Loose Powder,4.5,2200,27000,27000
Blink Charm,Natural Flair #2,4.8,16,35607,118607
Wardah,EyeXpert Liftlast Waterproof Mascara,4.5,35,65000,65000
Jung Saem Mool,Artist Brow Shader,4.0,1,323000,340000
Missha,4D Mascara,4.4,204,86688,154800
Mercredi,Mercredi - MR424,4.3,5,15840,18000
Holika Holika,Devil's Plumper - Hellfire Glowy Topper,4.4,117,150100,158000
Jung Saem Mool,Skin Setting Tone-up Sun Base,4.9,2,520000,520000
Artisan Professionnel,COULEUR OPTIMISTE Pro Face Colour,4.5,6,128000,128000
Make Over,Riche Glow Face Highlighter,4.5,584,177000,177000
Bbia,BBIA Last Velvet Lip Tint (Hottest Edition),4.8,6,111750,126650
Wardah,Colorfit Matte Foundation,4.6,447,76000,76000
Holika Holika,Holi Pop Jelly Tint,4.6,169,91300,93500
Maybelline,Fit Me Matte and Poreless Cushion,4.7,377,265900,265900
SASC,Phyto Hydra Daily Liptint,4.8,11,113960,129500
Secondate,Brow People Pencil,4.7,411,90250,95000
ETUDE,Dr. Mascara Fixer for Perfect Lash,5.0,2,107670,111000
Jung Saem Mool,Skin Nuder Pact,3.6,1,625000,625000
Maybelline,Fit Me Matte and Poreless Setting Spray,4.6,25,135900,135900
Skintific,Matte Perfection Set,No Rating,0,248100,330800
Nacific,Glossy Mood Lip Tint,4.5,314,92330,131900
Glamfix,Eyebrow Trimmer,4.9,36,23750,25000
About Tone,Glow Powder Pact,4.4,2,160550,169000
Wardah,Colorfit Mattifying Powder,4.6,149,91000,91000
Emina,Daily Matte Loose Powder,4.5,956,39000,39000
Instaperfect,Instaperfect Mattesetter Lip Matte Paint,4.5,1500,105000,105000
Jung Saem Mool,Skin Nuder Cushion Concealer,4.8,1,470250,495000
YOU Beauty,YOU Cloud Touch Invisible Setting Powder,4.8,38,99000,110000
Nacific,Daily Mood Lip Cream,4.5,546,84000,85330
Rabbit Habit,Whipped Lip Cream,4.3,28,147840,168000
Mercredi,Lipfinite Glaze,4.6,7,95040,108000
Jung Saem Mool,Masterclass Glow Base,No Rating,0,585000,585000
Bbia,BBIA Last Auto Eyebrow Pencil,3.0,1,103200,116100
Innisfree,Tweety - No-Sebum Mineral Powder Yellow,No Rating,0,104000,104000
Instaperfect,Instaperfect Quickmatte Loose Powder,4.0,23,129000,129000
Wardah,Colorfit Last All Day Lip Paint,4.7,1100,69000,69000
Holika Holika,Bondew Lip Sheer,4.6,3,160000,160000
Make Over,Color Stick Gloss Crayon,4.5,81,115000,115000
O.Two.O,Waterproof Mascara Long Lasting 36H Make Up (Volume and Curling Waterproof Mascara),4.6,6,69000,120000
Jung Saem Mool,New Classic Matte Lipstick,No Rating,0,445550,469000
Clio,Superproof Pen Liner Kill,4.8,21,157500,210000
Make Over,Powerstay Suede Blush,4.8,3,155000,155000
Wardah,Colorfit Ultralight Matte Lipstick,4.6,444,49500,49500
Amuse,Dew Wear Foundation,4.5,4,503100,559000
Muzigae Mansion,Moodwear Blur Lipstick,4.8,3,281010,323000
Espoir,Be Velvet Fluid Foundation,4.8,12,436050,459000
Amuse,CHOU VELVET,4.3,9,239200,254150
Romand,Zero Matte Lipstick,4.5,27,152100,169000
Luxcrime,Extreme Lengthening Mascara,5.0,1,122550,129000
Holika Holika,Foggy Blur Tint (Like Shell Collection),4.4,18,158000,158000
Rabbit Habit,Blushing Moon,4.7,62,147840,168000
Loreal Paris,Unbelievabrow Longlasting Brow Gel,4.5,64,205900,205900
Instaperfect,Instaperfect Everlast Intense Matte Liquid,4.5,145,110000,110000
Rabbit Habit,Moon Glow,4.6,62,262240,298000
Tavi,Color Play Face Tint Highlighter,4.4,12,100000,100000
Emina,Watercolor Lip Serum,4.4,65,39000,39000
Amuse,Lip Fuller Big Diamond,4.8,3,254150,299000
O.Two.O,Gold Embroidery Eyeliner,4.9,10,59000,150000
Rabbit Habit,Velveteen Matte,4.4,29,147840,168000
Elise,Elise Classic 01,4.5,2,26190,29100
ESQA,Everyday Glow (Buy 2 Get 4!),No Rating,0,199000,398000
Bbia,BBIA Never Die Mascara,5.0,1,134250,171000
Jung Saem Mool,Artist Concealer Palette,4.6,2,670000,670000
Nacific,Juicy Mood Blusher,4.6,157,85330,121900
Amuse,DEW VELVET,4.9,4,254150,299000
Kusuma Kosmetika,Balm Blush,4.7,59,125100,139000
Innisfree,Cinammon Roll - No-Sebum Mineral Powder Blue,4.9,3,104000,104000
Amuse,Face Diamond,4.6,3,215100,239000
Goban,Satin Lip Gloss,4.4,435,84000,120000
Secondate,Mermaid Tears,4.7,34,129000,129000
Instaperfect,Skinveil Cover Concealer,4.7,3,133000,133000
YNM,Cream Matte Lipstick,4.7,6,115000,299000
Raine Beauty,The Daily Radiant Matte Setting Powder,4.4,18,150450,177000
Focallure,Skin Fit Primer,4.8,5,129000,387000
About Tone,Air Fit Powder Pact,4.1,2,152100,169000
Instaperfect,Instaperfect Blur Mattifying Primer,4.4,424,95000,95000
ESQA,Buy 1 Get 1 Brow Pomade New,No Rating,0,210000,210000
Blink Charm,Sweet Classic #3,4.7,6,118607,142900
Amuse,SOFT CREAM CHEEK,4.9,9,203200,254000
Goute,Goublush,4.8,28,34913,61250
Rabbit Habit,Liquid Ink,4.8,8,147840,168000
Focallure,Skin Filter Concealer,5.0,4,89000,267000
Jung Saem Mool,Artist Eye Palette,5.0,1,741000,780000
LUNA,Long Lasting Tip Concealer Cover fit SPF34/PA++,4.8,23,142800,210000
Make Over,Powerstay Brow Definer Mascara,4.6,501,127000,127000
Focallure,Two-Way-Cake Pressed Powder,5.0,1,75000,151000
Jung Saem Mool,Skin Setting Pore Cealer,3.6,1,427500,450000
Mother of Pearl,Tender Touch Creamy Butter Bronzer,4.0,2,101150,119000
Alatte,Brow Wand,5.0,7,83300,119000
Holika Holika,Hard Cover Liquid Concealer,4.6,77,165540,178000
Goute,Goubrow,4.3,14,24938,43750
Holika Holika,Holi Pop Double Eyelid Liner,4.5,107,81700,86000
O.Two.O,Moisturizing Spray Makeup Setting Spray Long-lasting Lock Makeup (Moisturizing Setting spray Makeup),4.4,14,62000,200000
Elise,Elise Classic 02,5.0,1,22698,29100
Jacquelle Beaute,Eyeshadow Friendship - Winnie The Pooh Edition,5.0,239,219300,258000
BLP Beauty,Power Liner,4.6,174,70850,109000
Studio Tropik,COMPLEXION EXPERT DUO (Soft Matte + Neutral),No Rating,0,195000,219000
TIRTIR,Mask Fit All Cover Cushion,4.9,6,315000,450000
Luxcrime,Luxcrime Perfect Canvas Primer,4.6,41,89100,99000
Nacific,Shine Mood Lipstain,4.8,14,84000,120000
Innisfree,Tweety - No-Sebum Mineral Powder Blue,4.3,2,104000,104000
Artisan Professionnel,Artisan Professionnel - Eyeliner Pro Dessiner - Bonne Nuit,4.7,15,128000,128000
Emina,Star Lash Aqua Mascara,4.2,417,53500,53500
Wardah,Colorfit Velvet Powder Foundation,4.5,240,78500,78500
Luxcrime,Luxcrime x Alma Tando Power Glasting Tinted Lip Oil - ZOYA,4.6,5,99000,129000
ETUDE,Sebum Soak Powder,No Rating,0,145500,150000
ETUDE,Sebum Soak Pore Primer,No Rating,0,265780,274000
Romand,Best Tint Edition,No Rating,0,315900,351000
Instaperfect,Instaperfect Skinfocus Cover Foundation,5.0,3,165000,165000
Jung Saem Mool,Skin Setting Tone Correcting Base,No Rating,0,520000,520000
ESQA,Buy 1 Get 1 Brow Stroke,No Rating,0,190000,190000
Luxcrime,Luxcrime Second Skin Loose Powder,4.7,41,109650,129000
Romand,Han All Flat Brow,4.3,10,123750,137500
Studio Tropik,COMPLEXION EXPERT DUO (Glowy + Neutral),No Rating,0,195000,219000
TIRTIR,Mask Fit Cushion,4.6,2,315000,450000
Alatte,Glazed Lip Tint,4.5,40,75905,79900
Jacquelle Beaute,Jacquelle Beaute Face Palette Disney Golden Princess Untold New World - Surprise Edition Blind Box,5.0,188,175440,258000
Jung Saem Mool,Skin Setting Smoothing Base,No Rating,0,520000,520000
Loreal Paris,Infallible More Than Concealer Makeup NEW FORMULA,4.6,17,207400,207400
Dew It,Plump & Glow SPF Lip Peptide,4.5,28,91200,96000
Jung Saem Mool,Artist Kohl Pen Liner,No Rating,0,375250,395000
Guele Cosmetics,SCULPT Contour Stick,5.0,3,149000,149000
KOSE,Sekkisei White BB Cream,4.8,28,385900,454000
Romand,Milk Tea Velvet Tint,4.7,20,152100,169000
ESQA,Buy 1 Get 1 Powder Foundation,No Rating,0,270000,270000
About Tone,Hold On Tight Concealer,4.2,1,119200,149000
Dear Klairs,Illuminating Supple Blemish Cream,4.4,91,269500,385000
Focallure,PLUMP HIGH SHINE LIP GLOW,4.4,129,35000,83000
Sea Makeup,Fix and Flawless Cover Cushion,4.5,79,135700,135700
Studio Tropik,COMPLEXION EXPERT DUO (Glowy + Translucent),No Rating,0,195000,219000
Emina,Pop Rouge Pressed Eye Shadow,4.4,262,48000,48000
Luxcrime,Luxcrime Flushy-Cheek Blush,4.7,60,67150,79000
Mother of Pearl,Tender Touch Illuminating Finishing Powder,4.9,2,109650,129000
PinkFlash,Soft Pigment Blush,4.5,136,25000,42000
ETUDE,Sebum Soak Pact,4.0,1,203700,210000
Bbia,BBIA Ready To Wear Eye Palette,4.8,1,211650,224100
PinkFlash,Lasting Glossy Lipgloss,4.4,85,18900,42000
KOSE,Make Keep Mist EX+,4.9,3,179100,199000
Jacquelle Beaute,Eyeshadow Palette SPY X FAMILY Collection,4.8,316,71550,159000
Rollover Reaction,VELVETDROP!,4.6,10,89250,119000
Carasun,Carasun Solar Smart UV Cushion + Refill,No Rating,0,188340,313900
Make Over,Powerstay Color Correcting Primer,4.3,344,99000,99000
ESQA,Buy 1 Get 1 Wonder Crush Serum Liquid Blush,No Rating,0,218000,218000
Romand,Han All Sharp Brow,4.7,4,135000,150000
Focallure,Always Keep Me Covered Compact Powder,4.8,2,109000,327000
Goban,Perfect Cover Longwear Liquid Concealer,4.7,433,90300,129000
Clio,Kill Cover Airy-Fit Concealer,4.4,20,127500,170000
KAJA,Beauty Bento,No Rating,0,399000,399000
TIRTIR,Mask Fit Crystal Mesh Cushion,3.9,6,315000,450000
Romand,Nu Zero Cushion,4.7,13,292500,325000
Instaperfect,Refill Skincover Air Cushion,4.8,6,139000,139000
Emina,Daily Matte Compact Powder,4.6,114,40000,40000
Wardah,Colorfit Quad Eye Palette,4.4,12,89500,89500
ESQA,Buy 1 Get 1 Powder Blush,No Rating,0,210000,210000
Rabbit Habit,Moongazing All-In-one Face Palette,4.7,8,279840,318000
Studio Tropik,COMPLEXION EXPERT DUO (Soft Matte + Translucent),No Rating,0,195000,219000
Bbia,BBIA Last Velvet Lip Tint (Flower Edition),4.8,6,111750,126650
About Tone,Nothing But Nude Foundation,5.0,1,251100,279000
Amuse,META FIXING VEGAN CUSHION,4.7,7,406400,508000
Bbia,BBIA Last Pen Eyeliner,No Rating,0,95200,101150
Rabbit Habit,Over The Moon All-In-One Face Palette,4.7,3,279840,318000
Amuse,EYE VEGAN SHEER PALETTE,5.0,1,346400,433000
Artisan Professionnel,ÉCLAT ROUGE Pro Lip Shine,5.0,1,108000,108000
Raine Beauty,FEEL GOOD ESSENTIALS SET,No Rating,0,473000,473000
TIRTIR,My Glow Lip Oil,4.3,4,161000,230000
Romand,Han All Fix Mascara,4.7,12,180000,200000
Make Over,Hydrastay Smooth Lip Whip,4.5,537,119000,119000
Instaperfect,Noir Lash Mascara,5.0,2,148000,148000
Nacific,Secret Mood Velvet Cushion,4.7,72,119350,217000
SASC,SASC Ultimate Lip Cream,4.5,646,140360,159500
Focallure,SILKY LIP CREAM,4.5,10,79000,196000
Artisan Professionnel,OPTIMISTE ROUGE Pro Lip Colour,4.7,10,108000,108000
Innisfree,Tweety - No-Sebum Mineral Powder Green,No Rating,0,104000,104000
Focallure,AUTO BROWS PEN,4.6,133,35900,69000
KIVA Cosmetics,Ultrafine Brow Pencil,4.9,39,95000,95000
Muzigae Mansion,Fitting Blush,3.6,1,220110,253000
barenbliss,Make Me Plushy Eyebrow Duo,4.9,2,53100,59000
Make Over,Make Over Gloss Bundle : Duo Glazed,No Rating,0,298000,298000
Focallure,VOLUMIZING MASCARA,4.3,39,39000,89000
Emina,Bare With Me Mineral Loose Powder,4.3,838,61500,61500
Instaperfect,Instaperfect Browflash 3-in-1 Brow Perfector,4.4,18,105000,105000
Secondate,Milky Lip Plump,4.7,17,74250,99000
KAJA,Jelly Charm,No Rating,0,330650,389000
Focallure,PERFECTLY DEFINED GEL EYELINER,4.4,161,42000,98000
PinkFlash,Care Plus Lip Oil,4.5,47,16999,56000
Holika Holika,Melting Blur Lip Pot,4.6,6,171000,180000
KIVA Cosmetics,Intense Precision Jetliner,5.0,35,98000,98000
Make Over,Color Hypnose Creamy Lipmatte,4.7,468,92000,92000
TIRTIR,Waterism Glow Tint 4gr,4.3,4,182000,260000
KOSE,Brightening BB Essence,3.0,1,391140,477000
Soulyu,Intense Stay Lip Stain,4.7,8,77350,119000
ESQA,Lips & Cheek,No Rating,0,150000,247000
KAJA,Juicy Glass Lip Oil,3.8,1,339000,339000
Make Over,Powerstay Total Cover Matte Cream Foundation,4.6,264,160000,160000
Make Over,Trivia Eye Shadow,4.5,645,104000,104000
Goute,Goucushion,4.5,12,69113,121250
Wardah,Wardah Eyebrow Pencil 1.14 g,4.3,3100,44000,44000
Secondate,Breakfast In Bread Eyeshadow Palette,4.9,3,216750,289000
KAJA,Play Bento,No Rating,0,440000,440000
Too Cool For School,Artclass Brow Designing Pencil,4.8,4,166000,166000
Soulyu,Fluffy Haze Lip Velvet,4.8,2,69300,99000
Focallure,EYELINER,4.5,77,38900,78000
Focallure,BLUSH & HIGHLIGHTER PALETTE,4.5,48,50000,50000
PinkFlash,Soft Pigment Face Contour,4.5,70,25000,42000
Instaperfect,Instaperfect Hi Glow Fluid Highlighter,5.0,1,105000,105000
Skintific,Matte Day To Go Make-Up Set,No Rating,0,169950,226600
Mercredi,Mercredi luxe - MR 511,No Rating,0,24640,28000
Raine Beauty,Lip Hug Cashmere Kiss,4.8,1,148200,156000
KIVA Cosmetics,Iconic Glow Highlighter,5.0,33,115000,115000
Make Over,Hydrastay Glow Fluid Foundation,4.6,126,195000,195000
Goute,Gouliner,4.6,3,34913,61250
Jung Saem Mool,Skin Nuder Shading Pact,No Rating,0,603250,635000
Make Over,Ultra Cover Liquid Matte Foundation,4.6,547,163000,163000
Make Over,Hydrastay Radiant Finishing Powder,4.6,222,131000,131000
O.Two.O,Splendid Matte Double Ended Lipstic,4.0,12,60030,200000
KOSE,Sekkisei Snow CC Powder Refill Only,4.6,9,424150,499000
Make Over,Perfect Cover Two Way Cake 12gr,4.5,1300,172000,172000
Focallure,ULTRA MATTE LIQUID LIPSTICK,4.7,8,79000,98000
PinkFlash,Lasting Matte Loose Powder,4.5,67,33000,70000
KIVA Cosmetics,Stain Me Lip Tint,4.9,40,95000,95000
Make Over,Powerstay Mattifying Transparent Powder,4.5,473,151000,151000
Secondate,Instapeach Eyeshadow Palette,4.6,44,216750,289000
KAJA,Love Swipe,No Rating,0,349000,349000
Skintific,Instant Flawless Set,No Rating,0,231450,308600
Make Over,Blush on Single,4.4,1300,107000,107000
PinkFlash,Duo Makeup Stick,4.5,70,46900,112000
KOSE,Sekkisei Supreme Powder Foundation Refill Only,5.0,1,509220,621000
KAJA,Cheeky Stamp,No Rating,0,352750,415000
Muzigae Mansion,Twist Pot Eye Palette,4.8,1,260130,299000
Emina,Daily Matte BB Cream,4.5,144,32000,32000
PinkFlash,All Glow Eyeshadow,4.7,45,39900,112000
KAJA,Heart Melter,No Rating,0,319000,319000
barenbliss,Roll to Perfect Lash Mini Kit,No Rating,0,98100,109000
Emina,Daily Matte Cushion,4.4,36,96000,96000
KIVA Cosmetics,Volurama Mascara,5.0,2,105000,105000
Focallure,BROW STYLING SOAP,4.2,46,39000,82000
PinkFlash,Silky Velvet Lipstick,4.5,44,32900,84000
Goute,Gouloose,4.4,10,45600,80000
Skintific,All Day Perfect Make-Up Set,No Rating,0,172800,288000
Wardah,Everyday Cheek and Lip Tint,4.4,5000,48500,48500
Make Over,Powerstay Vivid Waterlite Lip Stain,4.6,364,123000,123000
LUNA,Long-Lasting Foundation SPF35/PA++,4.9,4,312800,460000
KAJA,Mochi Pop,No Rating,0,349000,349000
Focallure,10 COLOR EYESHADOW PALETTE,4.6,149,65000,105000
True To Skin,Juicy Glass Tint,4.8,9,51060,69000
KIVA Cosmetics,Perfect Touch Creamy Concealer,4.9,42,99000,99000
Goban,GOBAN Aqua Glow Tint,4.7,2,90300,129000
Focallure,WATERPROOF MASCARA & EYELINER 2IN1,4.2,55,44000,106000
Clio,"Kill Cover Skin Fixer Cushion SPF 50+, PA+++ Luxury Koshort",4.8,7,382500,510000
Buttered,Buttered Lip Oil,4.4,6,57200,65000
LUNA,Long Lasting Conceal Fixing Cushion SPF50+/PA++++ & Refill,4.8,7,306000,450000
LUNA,Long Lasting Tip Concealer Big SPF34/PA++,5.0,5,190400,280000
KAJA,Don'T Settle,No Rating,0,319000,319000
Adara Cosmetics,ADARA - Spot Eraser 2 in 1 Concealer,4.2,35,36960,37345
Holika Holika,Mellow Gliding Slim Liner,5.0,2,128000,128000
Make Over,Camouflage Cream Face Concealer,4.2,935,166000,166000
Lavie Lash,Lavielash x Gelangelicca,4.7,47,60280,60280
Focallure,OIL - CONTROL STAY - MATTE POWDER,4.3,69,49699,126000
PinkFlash,Duo Effect Eyebrow Kit,4.6,13,49900,140000
KIVA Cosmetics,Power Airbrush Compact Powder,4.9,46,125000,125000
Instaperfect,Instaperfect HYPERGETIC Precise Black Liner,4.5,411,100000,100000
Focallure,HIGHLIGHTER & CONTOUR MULTI STICK,4.3,84,33000,33000
Muzigae Mansion,Sleek Matt Cushion,4.9,4,549840,632000
Wardah,Everyday Luminous Two Way Cake,4.5,596,53500,53500
Wardah,Everyday Luminous Face Powder,4.2,1600,45500,45500
Make Over,Eye Shadow Palette 10gr,4.3,231,221000,221000
Make Over,Powerstay Eyeshadow Primer,4.2,53,95000,95000
Too Cool For School,Artclass By Rodin Highlighter,4.6,9,260000,260000
Lilith and Eve,Party Rocks Matte Makeup Setting Spray,4.6,66,109200,109200
BLP Beauty,Be Merry (Airy Tint Gili x Lip Gel Sweet Pea),No Rating,0,99000,198000
Make Over,Precision Liquid Liner,4.6,70,115000,115000
Wardah,Ultralight Matte Lipstick,4.5,353,49500,49500
O.Two.O,2 In 1 Charming Eye Eyeliner Mascara,5.0,4,79000,180000
ESQA,(REFILL) Cloud Kiss Refillable Powder Lipstick,4.8,8,75000,75000
Kusuma Kosmetika,Bunga Bibir,4.0,4,121500,135000
Clio,Kill Cover High Glow Foundation,5.0,3,360000,480000
Focallure,WATERPROOF LASHPRIMER & MASCARA 2IN1,4.4,40,44000,106000
Jiera,Melts My Heart Melting Click Balm,4.7,5,72270,99000
ETUDE,Face Blur SPF33 PA++,No Rating,0,242500,250000
Artisan Professionnel,L'Absolu,4.6,88,45000,45000
BLP Beauty,Valentine Surprise Bundle,No Rating,0,258000,258000
Holika Holika,My Fave Mood Eye Palette (Butter & Better Collection),4.5,11,286150,295000
Soulyu,Precision Pro Matte Eyeliner,5.0,1,70400,128000
Dear Me Beauty,Ombre Lip Mocha Charm (Dear Vivi + Dear Monica),No Rating,0,70560,98000
Dear Me Beauty,Ombre Lip Sunset Bliss (Dear Valerie + Dear Monica),No Rating,0,70560,98000
Emina,Top Secret Eyebrow,4.4,542,59500,59500
LUNA,Water Pact Clear SPF50+/PA+++,4.8,3,312800,460000
Jacquelle Beaute,Jacquelle Friendship Gift Set - Disney 100 Winnie The Pooh Edition,No Rating,0,289250,375900
ESQA,Cushion Serum Satin Set,No Rating,0,260000,353000
Dear Me Beauty,Airy Poreless Powder Foundation Free Stay Locked Makeup Fixer Setting Spray,No Rating,0,248000,248000
Make Over,Powerstay Sync Matte Cushion,4.7,3,239000,239000
Make Over,Multifix Matte Blusher,4.5,777,147000,147000
O.Two.O,Ultra Stay Lolepop Lipstick,4.4,5,57082,59000
Wardah,Wardah Eyeliner Pencil 1.14 g,4.3,1200,44500,44500
Focallure,GLOW MAX HYDRATING PRIMER,4.5,45,59000,168000
PinkFlash,Lasting Matte Concealer,4.4,62,29000,42000
Romand,Han All Brow Fixer,4.5,7,128700,143000
Make Over,Powerstay Precision Liquid Liner,4.7,21,115000,115000
Skintific,Glow Perfection Set,No Rating,0,282392,352990
Secondate,Mood Spectrum Hydrablush,4.9,4,116100,129000
Goban,Sunkissed Blushing Powder,4.6,594,97300,139000
Wardah,Colorfit Velvet Powder Foundation Refill,4.5,124,52500,52500
Allglows,Allglows Lid Pigment,4.5,3,110000,139000
Dear Me Beauty,Duo Tinted Lip Balm Kit,No Rating,0,124600,178000
Secondate,Melt My Kiss Watershine Balm,No Rating,0,98100,109000
Wardah,EyeXpert Staylast Liquid Eyeliner,4.2,1400,43500,43500
Teratu Beauty,Matte Blur Set,4.1,5,59500,85500
Dear Me Beauty,Ombre Lip Berry Kiss (Dear Kyla + Dear Elly),No Rating,0,70560,98000
Make Over,Powerstay Matte Powder Foundation,4.6,2000,205000,205000
Lavie Lash,Line N' Lash,4.3,38,128900,128900
Allglows,Lip Assistant,4.5,3,139000,139000
SASC,Peptide Hydra Daily Tinted Lip Balm,5.0,1,113960,129500
Allglows,Cheek Pigment,4.6,35,139000,139000
SASC,Lift Oléoactif White Truffle Flawless Cushion,4.6,27,210760,239500
Dear Me Beauty,Ombre Lip Rosy Mauve (Dear Vivi + Dear Elise),No Rating,0,70560,98000
Aeris Beaute,Aeris Cloud Softlight HD Setting Powder with RedSnow® Flower,4.2,2,131970,159000
barenbliss,Locklook Matte & Blur Primer,No Rating,0,71100,79000
Wardah,EyeXpert Perfectcurl Mascara,4.2,963,74000,74000
SASC,Ultimatte Lip Liquid,4.8,4,140360,159500
Focallure,PURE MATTE LIPSTICK,4.5,64,44000,112000
KIVA Cosmetics,Flawless Illuminating Foundation,5.0,36,139000,139000
Emina,Pore Ranger Blur Hydraglow Primer,No Rating,0,68000,68000
Emina,Eye Do! Crayon Pour Les Yeux,4.4,288,69000,69000
KOSE,Sekkisei Snow CC Powder Case Only,4.9,4,150000,150000
Skintific,Glow Day To Go Make-Up Set,No Rating,0,186593,248790
Jacquelle Beaute,Perfect Lash Lift Mascara,No Rating,0,148500,297000
Jacquelle Beaute,Glam Eye Set,No Rating,0,157950,351000
Make Over,Perfect Cover Two Way Cake Refill,4.6,211,117000,117000
Carasun,Carasun Solar Smart UV Sun Cushion - Shade 04 Natural BOGOF,No Rating,0,368000,368000
Jacquelle Beaute,[BUNDLE] Christmas Gift Set - Festive Eye Makeup Gift,No Rating,0,112050,249000
Mercredi,Mercredi - MR320,5.0,1,15840,18000
Espoir,Be Glow Volume Cushion,No Rating,0,359000,359000
Artisan Professionnel,Petite Artisan,4.6,73,45000,45000
Make Over,Powerskin Radiant Tinted Moisturizer,4.4,269,159000,159000
BLP Beauty,Be Jolly (Lip Gel Sweet Pea x Lip Coat Butter Fudge),No Rating,0,124000,248000
O.Two.O,Lovemark Eyeshadow,5.0,2,200000,200000
Base,Aura Wonders Eyeshadow Palette - Gleaming Nude,5.0,2,103950,189000
ESQA,ESQA Iconic Flawless Set,No Rating,0,250500,394000
Make Over,Make Over x NIKI Limited Edition Package,No Rating,0,399000,399000
Artisan Professionnel,Touche 3D Lashes,4.6,47,50000,50000
Jiera,Lip Peptint,4.7,14,53040,68000
O.Two.O,Soft Clarity Mist Cushion Cream,4.7,7,159000,250000
Soulyu,Skin Glow CC Cream,4.2,1,67050,149000
O.Two.O,Matte Lipstick Misty Kiss Lock Color Silky 24H Long Lasting Lip Makeup,No Rating,0,150000,150000
Make Over,Face Contour Kit,4.2,420,140000,140000
Artisan Professionnel,L'Essentiel,4.7,134,55000,55000
Emina,Cheek Lit Blush Stick,4.6,117,57000,57000
Focallure,LONGLASH WATERPROOF MASCARA,4.5,105,39900,91000
Adara Cosmetics,Glossy Lip Bomb,4.5,3,50050,65000
Dear Me Beauty,Ombre Lip Scarlete Desire (Dear Vivi + Dear Elly),No Rating,0,70560,98000
Rollover Reaction,FOREVER JUICY Dewdrop! Lip and Cheek Tint Bundle,No Rating,0,249000,249000
Wardah,EyeXpert Aqua Lash Mascara,4.0,1500,53500,53500
Pond's,Magic Face Powder BB Talcum,4.5,1200,35100,35100
Buttonscarves Beauty,Buttonscarves x Dsaks Lipstick,5.0,1,147500,295000
O.Two.O,All Day Soft Focus Powder & Cushion Cream,No Rating,0,350000,350000
ETUDE,Dear Darling Oil Tint,No Rating,0,172050,185000
Dear Me Beauty,Ombre Lip Pink Lemonade (Dear Kyla + Dear Rissa),No Rating,0,70560,98000
KAJA,WINK DAZZLE,No Rating,0,303200,379000
Emina,Hyalupeptide Color Melt Balm,4.6,1,64000,64000
KOSE,Sekkisei Supreme Makeup Base,5.0,6,555900,654000
NAMA BEAUTY,Duo-Glo Cushion Eyeshadow,4.5,21,159000,159000
Blink Charm,Sensual Curls #1,4.9,9,35607,42900
Luxcrime,Luxcrime Double Duty Mascara,4.5,7,134100,149000
Jacquelle Beaute,Jacquelle x Jazzy Exclusive Bundling Disney Inside Out Edition,No Rating,0,355550,547000
KAJA,Mochi Glow,No Rating,0,349000,349000
ESQA,Juicy Pop Lips,No Rating,0,170000,218000
Instaperfect,Skincover Air Cushion Limited Edition,4.6,1,199000,199000
Make Over,Powerstay Ultra Glow Highlighter,4.7,100,205000,205000
Holika Holika,Wonder Drawing Skinny Eyebrow,4.4,100,106200,108560
Instaperfect,Instaperfect Browfessional 3D Brow Mascara,4.5,456,105000,105000
Emina,Cheek Lit Highlighter Stick Nudetwinkle,4.5,41,57000,57000
Glamfix,GLAMFIX Perfect Blink Lashes Natural 03 New,4.6,9,16625,17500
Goute,Goulash,5.0,4,45600,80000
About Tone,ABOUT TONE Turn On Shade Shading,No Rating,0,146250,195000
Clio,Crystal Glam Tint Luxury Koshort,4.4,1,195000,260000
Wardah,Acnederm Face Powder,4.3,378,54000,54000
PinkFlash,Watery Glam Lipgloss,4.6,13,29900,84000
PinkFlash,Lip & Cheek Duo Matte Tint,4.6,14,28000,56000
Make Over,Make Over Powerstay Glossy Lip Top Coat,4.6,4,119000,119000
Allglows,Airy Lip Pigment,3.2,3,139000,139000
SASC,WhiteTen Miracle Flawless Powder,5.0,1,149160,169500
Espoir,Be Glow Volume Cushion Refill Set,No Rating,0,499000,499000
Espoir,Eye Core Palette,No Rating,0,479000,479000
Emina,Squeeze Me Up Liquid Concealer,4.4,144,60000,60000
Emina,Poppin' Matte,4.5,135,52000,52000
Instaperfect,Instaperfect Refill Matte Fit Powder Foundation,4.7,4,106000,106000
Blink Charm,Blink Charm Natural Flair #3 - 1 Pair Bundling Lem 1Ml,No Rating,0,48057,57900
Jacquelle Beaute,Glow on the Go - Winnie The Pooh Edition,No Rating,0,236000,472000
Olay,Total Effects 7 in One Day Cream Touch of Foundation SPF 15,4.0,120,75750,151500
Wardah,Exclusive Flawless Cover Cushion,4.5,374,149000,149000
DHC,Fav Lip Treatement,No Rating,0,313200,348000
O.Two.O,Dexterous And Accurate Ultra Fine Eyeliner Gel,3.4,4,55000,150000
O.Two.O,Lightweight And Seamless,5.0,1,52900,120000
Soulyu,Perfect UV Serum Foundation,5.0,1,120250,185000
KIVA Cosmetics,Major Glaze Peptide Lip Butter,No Rating,0,99000,99000
YOU Beauty,Cloud Touch Dreamy Makeup Setting Spray,4.8,1,53100,59000
Wardah,Everyday Luminous Liquid Foundation,4.0,1300,45500,45500
Blink Charm,Sexy Volume #2,4.9,5,35607,42900
TISH,Tish Invisible Eyelid Tape,3.6,6,76630,79000
Emina,Cosmic Lash Volume Mascara,5.0,6,66500,66500
SASC,SASC GLOW GIRL KIT,5.0,1,301400,342500
Lavie Lash,Laviebeauty x Ari Izam - Eyelid Fit,5.0,1,119000,119000
Mercredi,Mercredi - MR322,5.0,2,15840,18000
Mercredi,Mercredi - MR423,5.0,1,15840,18000
O.Two.O,Mist Mirror Locking Powder,4.4,2,125000,220000
Raine Beauty,Soft Cheek Color Drops Bundle - 2 pcs,No Rating,0,293920,334000
Soulyu,Anti-Drop Mascara,4.6,1,87450,159000
Yadah,YADAH Be My Tint,No Rating,0,96800,121000
Mercredi,Mercredi luxe - MR 532,No Rating,0,24640,28000
Espoir,Nowear Glow and Matte Lip Set,No Rating,0,598000,598000
KAJA,Whipped Dream,No Rating,0,263200,329000
ESQA,Matte Me Free Kit,No Rating,0,230000,366000
Artisan Professionnel,Voile New Exclusive Collection,4.8,40,50000,50000
Artisan Professionnel,Touche,4.8,48,50000,50000
Blink Charm,Vibrant Volume #1- 1 Pair,5.0,3,49717,59900
Rollover Reaction,PLUMP! Skin-Loving Blurring Cushion,4.6,76,195000,195000
Emina,Mattecrush,4.1,15,49500,49500
Allglows,"Shake Lip Pigment (SLP) - Matte Liquid Lipstick, Serum-Infused",4.6,25,139000,139000
Mercredi,Mercredi - MR428,4.7,3,15840,18000
Jacquelle Beaute,Jacquelle She’ll Be Your Precious Blush Makeup Set - Disney Princess Ariel edition,No Rating,0,173600,248000
Sociolla Collection,Blend Masters Duo,No Rating,0,132810,139800
Lunesse,Magic Brow Sculptor,No Rating,0,88500,150000
Dear Me Beauty,Liquid Blush free serum Lip Tint,No Rating,0,148000,148000
Artisan Professionnel,ÉCLAT LIBRE Pro Glow Loose Powder,No Rating,0,238000,238000
Azarine,Shiny Galactic Mattelite,No Rating,0,156000,195000
Lavie Lash,Luna Maya - Spotlight Vol 1,4.7,7,99800,99800
Blink Charm,Vibrant Volume #2- 1 Pair,4.5,6,49717,59900
LIPLAPIN,Lip Tint Glaze,4.6,59,99000,99000
Buttonscarves Beauty,Everyday Intense Lip Cream,4.8,14,146250,325000
Mad For Makeup,Bon Cabe x Mad 8Hr Power Plush Non Drying Lip Velvet,4.7,16,104250,139000
Elise,Elise Tokyo 60,5.0,1,43650,48500
Mercredi,Mercredi - MR402,4.9,4,15840,18000
Sociolla Collection,Daily Beauty Essentials Set,No Rating,0,104310,109800
BLP Beauty,Lip Coat x Baby Blush Butter Fudge Collection,No Rating,0,248000,248000
Bbia,BBIA Never Die Mascara Slim,No Rating,0,161500,190000
Yadah,YADAH Anti-T Red Zero Concealer,No Rating,0,204800,256000
YVENETIC,LAVISH (Magnetic Eyelash) | Bulumata Magnet Menggunakan Eyeliner Magnetik,No Rating,0,35550,79000
YVENETIC,BO$$ BABE (Magnetic Eyelash) | Bulumata Magnet Menggunakan Eyeliner Magnetik,No Rating,0,35550,79000
Jacquelle Beaute,Lash & Shade Perfection Set,No Rating,0,286000,286000
Sea Makeup,Lock It Matte Acne Setting Spray 100ml + Acne Cover Smooth Two Way Cake Bundle,No Rating,0,159505,167900
Sea Makeup,Lock It Matte Acne Setting Spray 100ml + Acne Blur and Set Loose Powder Bundle,No Rating,0,152950,161000
Instaperfect,Instaperfect Litesplash Lip Sorbet,4.2,16,109000,109000
Focallure,SHIMMERING SKIN PRESSED HIGHLIGHTER,4.4,34,32999,32999
Indoganic,Indoganic Beauty X Regina Blancha Lip & Cheek Paint,4.6,11,79500,106000
PinkFlash,Lasting Matte Pressed Powder,4.6,12,32900,70000
Missha,Magic Cushion Cover Lasting Spf 50+/ Pa+++,5.0,3,303240,399000
Mercredi,Mercredi - MR247,4.9,2,15840,18000
Buttonscarves Beauty,Youphoria Pressed Powder,5.0,1,212500,425000
Buttonscarves Beauty,Miracle Cooling Filter Primer,5.0,1,247500,495000
Espoir,Glow On-The-Go Kit,No Rating,0,476805,501900
Sociolla Collection,Expert Beauty Essentials Set,No Rating,0,104310,109800
Lunesse,Guardian of Complexion Cushion,4.6,1,182500,250000
Artisan Professionnel,MVP LIP SET,No Rating,0,208000,208000
Azarine,Porefect Make Up Bundle,No Rating,0,154400,193000
Mercredi,Mercredi luxe - MR 525,No Rating,0,24640,28000
Luxcrime,Luxcrime X Alma Tando Bundle Free Pouch,No Rating,0,297000,387000
Hale,Forever Tint Longlasting & Nourishing Lip Tint,No Rating,0,101370,109000
Artisan Professionnel,COULEUR OPTIMISTE Pro Face Colour Contour,No Rating,0,128000,128000
Sea Makeup,Lacquer Shake Lip Ink Twinpack,No Rating,0,126730,133400
Make Over,Sparkling Powder,4.7,19,71000,71000
Lavie Lash,Plush Silk Lash - Starlet,4.8,15,118600,118600
Emina,Lip Tint Eraser,4.3,70,47500,47500
Tammia,Professional Magnetic M002,4.1,2,120500,179900
Artisan Professionnel,Delicat 7472,5.0,4,58000,58000
Artisan Professionnel,Classiques 1624,4.7,8,28000,28000
Blink Charm,Natural Flair #3,4.7,5,118607,142900
Buttonscarves Beauty,Everyday Thunderblush Cheek,5.0,1,132750,191750
Mercredi,Mercredi - MR412,5.0,1,15840,18000
Mercredi,Mercredi - MR325,5.0,1,15840,18000
Mercredi,Mercredi - MR618,4.9,3,15840,18000
Buttonscarves Beauty,Lock Me Up Eyebrow Gel,4.3,2,159250,245000
Adara Cosmetics,Let It Glow Multi Blush,2.8,1,60830,79000
Teddy Clubs,Teddie Clubs Glowy Plumper Tint,4.7,2,69300,99000
Artisan Professionnel,Shade Of Pink,No Rating,0,208000,208000
Lavie Lash,Lavie X Li Jing Eyelidfit - Slim size,No Rating,0,119000,119000
Blink Charm,Blink Charm Sweet Classic #1 - 1 Pair Bundling Lem 1Ml,No Rating,0,48057,57900
Blink Charm,Blink Charm Sweet Classic #5 - 1 Pair Bundling Lem 1Ml,No Rating,0,48057,57900
Blink Charm,Blink Charm Sensual Curls #1 - 1 Pair Bundling Lem 1Ml,No Rating,0,48057,57900
Blink Charm,Blink Charm Sexy Volume #2 - 1 Pair Bundling Lem 1Ml,No Rating,0,48057,57900
Elise,FeatherLITE DIY Lash Extension at home 01,No Rating,0,137000,137000
Soulyu,Perfect Blur Powder Foundation,No Rating,0,108500,155000
KAJA,WINK OF AN EYE Mascara & Eyeliner Set,No Rating,0,640000,640000
Mercredi,STYLO SUPRÊME Precision Liner,No Rating,0,118000,118000
Sea Makeup,Gleam Luster Tinted Lip Balm Twinpack,No Rating,0,113620,119600
Artisan Professionnel,Voile,4.5,48,50000,50000
Lavie Lash,Rosie,4.4,13,54780,54780
Lavie Lash,Bluebell Value Pack,4.9,5,198800,198800
Lavie Lash,Plush Silk Lash - Vixen,4.8,9,118600,118600
Lavie Lash,Amaryllis,4.6,8,54780,54780
Lavie Lash,Bonita,4.4,4,54780,54780
Lavie Lash,Fleur,4.5,17,54780,54780
Wardah,Exclusive Matte Lipstick,4.4,219,45500,45500
Lavie Lash,Lavie 3D,4.9,29,60280,60280
Wardah,Refill Exclusive Flawless Cover Cushion,4.5,161,106000,106000
Emina,Squeeze Me Up Lip Matte,4.5,78,60000,60000
Artisan Professionnel,Artisan Professionnel Classique 1626 x Dini Nurdiani,4.5,3,28000,28000
Lavie Lash,Lavie Lash by Marlene Hariman - No Drama Petite,5.0,1,60280,60280
Lavie Lash,Lavie Lash by Marlene Hariman - No Over,5.0,1,49280,49280
Lavie Lash,Lavie Lash by Dany Barca - Essential,5.0,2,54780,54780
Missha,Magic Cushion Moist Up Spf 50+/pa+++,5.0,2,303240,399000
Artisan Professionnel,Artisan Professionnel Voile 5535 x Kirana Fary,5.0,1,50000,50000
Buttonscarves Beauty,Brow-Nificent,4.8,4,225000,225000
Holika Holika,Super Easy Aegyosal Bundle,No Rating,0,214000,214000
Evalash,The Everything Bundle - Paket Bulu Mata Palsu Magnetik,No Rating,0,429940,518000
Maybelline,Twinpack Superstay Matte Ink,No Rating,0,265000,265000
Jacquelle Beaute,Jacquelle Cushion Case Pooh x Blur Effeect Foundation - Disney 100 Winnie The Pooh Edition,No Rating,0,221760,308000
Jacquelle Beaute,Jacquelle Cushion Case Piglet x Blur Effeect Foundation - Disney 100 Winnie The Pooh Edition,No Rating,0,221760,308000
Elise,Elise Classic 135,5.0,1,22698,29100
Elise,Elise Classic 22,5.0,1,22698,29100
Elise,Elise Classic 822,5.0,1,29562,37900
Elise,Elise Glamour 104,5.0,1,32682,41900
Elise,Elise Glamour 118,5.0,2,32682,41900
Elise,Elise Monolid 5121,5.0,1,34110,37900
BLP Beauty,Eyeshadow Pen Copper Brown x Dream Brow Clear,No Rating,0,238000,238000
BLP Beauty,Eyeshadow Pen Copper Brown x Dream Brow Dark Brown,No Rating,0,238000,238000
BLP Beauty,Dream Brow Dark Brown x Lash Bash,No Rating,0,268000,268000
LUNA,Long Lasting Water Pact OR SPF50+/PA+++ & Refill,4.0,3,312800,460000
LUNA,Long Lasting Tip Concealer Fixing fit SPF34/PA++,5.0,1,142800,210000
Mercredi,Mercredi - MR213,4.9,2,15840,18000
O.Two.O,Silky Glow Powder Blush,5.0,2,120000,120000
Buttonscarves Beauty,Cozy Lip Whipped Cream,No Rating,0,162500,325000
Buttonscarves Beauty,Eyemazing Eyeliner,No Rating,0,122500,175000
Klavuu,Blue Pearlsation Skin Perfection Set,No Rating,0,565600,808000
Lavie Lash,Lavie x KrisDayanti - Gemmi,No Rating,0,54800,54800
Lavie Lash,Lavie x KrisDayanti - Universe,No Rating,0,54800,54800
Lunesse,Cosmic Bliss Lip Oil,4.2,1,108800,170000
BLP Beauty,Lip Coat x Eyeshadow Pocket Butter Fudge Collection,No Rating,0,268000,268000
Buttonscarves Beauty,Round the clock Twist Lipliner,No Rating,0,180000,225000
Buttonscarves Beauty,Buttonscarves x Marlene Hariman Eyedmire Eyeshadow Palette,No Rating,0,590750,695000
ESQA,Buy Full Setting Spray Get Mini,No Rating,0,204000,204000
Espoir,Winter Be Glow Look,No Rating,0,648000,648000
YVENETIC,FANTASY (Magnetic Eyelash) | Bulumata Magnet Menggunakan Eyeliner Magnetik,No Rating,0,35550,79000
Artisan Professionnel,COULEUR OPTIMISTE Pro Face Colour Highlighter,No Rating,0,128000,128000
KAJA,BESTSELLER LIPS SET,No Rating,0,738000,738000
KAJA,BUY 1 GET 1 WHIPPED DREAM,No Rating,0,329000,658000
TIMEPHORIA,Galactic Duo Lip Crush,No Rating,0,264000,264000
TIMEPHORIA,Matte Airbrush Glow Set,No Rating,0,353000,353000
Lavie Lash,Cirque Du Lavie,4.5,7,40000,40000
Lavie Lash,Demi Goddess,4.5,10,49800,54780
Lavie Lash,Maison De Poupee,4.6,5,35000,35000
Lavie Lash,Au Naturel - Heather,5.0,1,54780,54780
Lavie Lash,Bluebell,4.3,8,54780,54780
Lavie Lash,Rosie Value Pack,5.0,2,198800,198800
Lavie Lash,Amaryllis Value Pack,5.0,2,198800,198800
Lavie Lash,Best Seller Value Pack,5.0,2,198800,198800
Tammia,1314 deluxe smudger brush,3.9,2,87800,129900
Artisan Professionnel,Voile 5523,5.0,5,50000,50000
Artisan Professionnel,Voile 5792,4.9,9,50000,50000
Lavie Lash,Lavie 3 D,5.0,1,60280,60280
Tammia,Professional Faux Mink,4.5,4,50200,74900
Tammia,Professional 3D Faux Mink,4.7,3,60200,89900
Rabbit Habit,Rabbit Joy Set,No Rating,0,629500,629500
Emina,Squeeze Me Up Lip Glass,4.6,33,60000,60000
Lavie Lash,Lavie Lash by Dany Barca - Satu,5.0,3,60280,60280
Lavie Lash,Lavie Lash by Dany Barca - Dua,5.0,1,60280,60280
Lavie Lash,Lavie Lash by Fauzia Hanum - Latte,5.0,2,60280,60280
Lavie Lash,Lavie Lash by Fauzia Hanum - Noir,4.5,2,60280,60280
Lavie Lash,Lavie Lash by Ryan Ogilvy - Sunrise,4.9,6,54780,54780
Lavie Lash,Lavie Lash by Ryan Ogilvy - Sunset,5.0,1,54780,54780
Lavie Lash,Lavie Package B,No Rating,0,348800,348800
Lavie Lash,Lavie Package A,No Rating,0,259200,259200
Artisan Professionnel,Artisan Professionnel Classiques 1170 x January Christy,4.7,7,28000,28000
Artisan Professionnel,Artisan Professionnel Voile 5201 x Candra Zhang,4.5,3,50000,50000
Artisan Professionnel,Artisan Professionnel Classiques 1635 x Dewi Tian,5.0,1,28000,28000
Blink Charm,Buy Fearless Beauty Liner Get Free Sweet Classic #1,No Rating,0,98770,119000
Blink Charm,Buy Limitless Beauty Brow Get Free Sweet Classic #1,No Rating,0,119000,119000
Blink Charm,Fearless and Limitless Complete Eye Set - Fearless Beauty Liner and Limitless Beauty Brow in Dark Brown,No Rating,0,173740,238000
Emina,Total Eclipse Pen Liner,4.3,4,58000,58000
Evalash,The Effortless Bundle - Paket Bulu Mata Palsu Magnetik,No Rating,0,429940,518000
Evalash,The Fabulous Bundle - Paket Bulu Mata Palsu Magnetik,No Rating,0,429940,518000
Holika Holika,Neat Knit Eye Bundle,No Rating,0,416000,416000
Indoganic,Bundle Indoganic Beauty Lip & Cheek Paint,No Rating,0,198000,198000
SASC,Your Ultimatte Cover Kit,No Rating,0,335000,335000
Elise,Elise 3D 123,5.0,1,53430,68500
Elise,Elise 3D Aura Bintang,5.0,1,71010,78900
Elise,Elise 3D Lirikan Manja,5.0,1,61542,78900
Elise,Elise 3D Pesona Bidadari,5.0,1,61542,78900
Elise,Elise Classic 4781,5.0,1,34110,37900
Elise,Elise Classic 6520,5.0,1,29562,37900
Elise,Elise Classic 7152,5.0,1,25772,37900
Elise,Elise Classic 816,5.0,1,34110,37900
Elise,Elise Classic 833,5.0,1,39100,57500
Elise,Elise Glamour 103,5.0,1,32682,41900
Elise,Elise Glamour 105,5.0,1,32682,41900
Elise,Elise Glamour 106,5.0,1,32682,41900
Elise,Elise Glamour 109,5.0,1,32682,41900
Elise,Elise Glamour 110,5.0,1,32682,41900
Elise,Elise Glamour 120,5.0,1,32682,41900
Elise,Elise Glamour 121,5.0,1,32682,41900
Elise,Elise Glamour 8172,5.0,1,29562,37900
Elise,Elise Monolid 108,5.0,1,32682,41900
Elise,Elise Monolid 17,5.0,1,25772,37900
Elise,Elise Monolid 5556,5.0,1,34110,37900
Elise,Elise Monolid 7859,5.0,1,34110,37900
Elise,Elise Tokyo 62,5.0,1,43650,48500
Elise,Elise Tokyo 63,5.0,1,43650,48500
Elise,Elise Tokyo 66,5.0,1,43650,48500
Elise,Elise Tokyo 69,5.0,1,43650,48500
Elise,Elise Tokyo 70,5.0,1,43650,48500
Elise,Elise Tokyo 73,5.0,1,43650,48500
Elise,Elise Tokyo 74,5.0,1,43650,48500
Elise,Elise Tokyo 75,5.0,1,43650,48500
Elise,Elise Tokyo 76,5.0,1,43650,48500
Elise,Elise Glamour 834,5.0,1,61650,68500
Elise,Elise LP Classic 1230,5.0,1,28350,31500
Elise,Elise Glamour 8190,5.0,1,34110,37900
Elise,Elise LP Classic 6284,5.0,1,28350,31500
Elise,Elise LP Classic 6285,5.0,1,28350,31500
BLP Beauty,Dream Brow Clear x Lash Bash,No Rating,0,268000,268000
Mercredi,Mercredi - MR223,5.0,1,15840,18000
Mercredi,Mercredi - MR342,5.0,1,15840,18000
Lavie Lash,Lavie Beauty Eyemazing Lash Kit,No Rating,0,351200,351200
Buttonscarves Beauty,Everyday Divined Blush,5.0,1,227500,325000
Goute,Goutint,No Rating,0,68700,68700
Espoir,Eyemazing Duo,No Rating,0,331455,348900
Espoir,Flawless Face-ssentials,No Rating,0,467010,518900
Klavuu,Flawless Urban Skin Complexion,No Rating,0,746300,878000
Buttonscarves Beauty,Fine Blurring Mattifying Primer,No Rating,0,233750,425000
Buttonscarves Beauty,Hydrasilk Lip Tint,5.0,1,151250,275000
Buttonscarves Beauty,Triple Treats Lip Cream,5.0,1,162500,325000
Buttonscarves Beauty,Wow Brow Setting Treatment,5.0,1,196000,245000
Lavie Lash,Lavie x KrisDayanti - Diva,No Rating,0,54800,54800
Espoir,Fresh Face & Shiny Lips Bundle,No Rating,0,416100,438000
Buttonscarves Beauty,Shinesation Lipstick,No Rating,0,236000,295000
Buttonscarves Beauty,Mattegical Lipstick,No Rating,0,236000,295000
Buttonscarves Beauty,Round the clock Twist Eyeliner,No Rating,0,180000,225000
Buttonscarves Beauty,MONOSHADOW,No Rating,0,196000,245000
Buttonscarves Beauty,Skin Guard Compact Powder,No Rating,0,446250,525000
Dazzle Me,Get a Grip! Makeup Setting Spray Acne Soothing,No Rating,0,38610,42900
YVENETIC,XOXO (Magnetic Eyelash) | Bulumata Magnet Menggunakan Eyeliner Magnetik,No Rating,0,35550,79000
YVENETIC,VIP (Magnetic Eyelash) | Bulumata Magnet Menggunakan Eyeliner Magnetik,No Rating,0,35550,79000
YVENETIC,BOMBSHELL (Magnetic Eyelash) | Bulumata Magnet Menggunakan Eyeliner Magnetik,No Rating,0,35550,79000
Elise,FeatherLITE DIY Lash Extension at home 02,No Rating,0,137000,137000
Elise,FeatherLITE DIY Lash Extension at home 03,No Rating,0,137000,137000
Elise,FeatherLITE DIY Lash Extension at home 04,No Rating,0,137000,137000
Indoganic,Bundle Tinted Lip Balm Queen & Princess,No Rating,0,146520,198000
Indoganic,Bundle Tinted Lip Balm Goddess & Romance,No Rating,0,146520,198000
Indoganic,Bundle Tinted Lip Balm 4 Shades,No Rating,0,293040,396000
Jacquelle Beaute,Flawless Complexion Set,No Rating,0,251000,502000
Artisan Professionnel,COULEUR OPTIMISTE Pro Face Colour Bronzer,No Rating,0,128000,128000
KAJA,DOUBLE STAMP OF APPROVAL,No Rating,0,650000,650000
Goute,Goucushion Cover 4 Matte,No Rating,0,74813,131250
Artisan Professionnel,Like Your Morning Espresso MakeUp Bundle,No Rating,0,286000,286000
Tavi,Tavi Darling Duo Festive Package,No Rating,0,199000,199000
SASC,SASC Concealer + Perfector Lift Oléoactif® White Truffle,No Rating,0,122760,139500
SASC,SASC Contour + Sculpt Lift Oléoactif® White Truffle,No Rating,0,122760,139500
Make Over,Hydrastay Prismatic Glass Cushion,No Rating,0,215100,239000
Goute,Goucushion Satinstay Airy Perfection,No Rating,0,131250,131250
Skintific,Limited Cushion Denim Set,No Rating,0,319700,319700
barenbliss,Better Than Magic Eyeliner,4.7,1900,22500,45000
Azarine,Make It Brow-Cara!,4.6,213,59000,59000
Innisfree,No Sebum Mineral Pact,4.6,141,178000,178000
Dear Me Beauty,Serum Concealer,4.6,422,49020,55000
Maybelline,Define and Blend Eyes Make Up,4.6,176,83900,83900
Rose All Day,Lip Tint Harry Potter Edition,4.6,1900,77400,129000
Clio,"Kill Cover Mesh Glow Cushion SPF 50+, PA++++",4.8,65,382500,510000
PinkFlash,Waterproof Easy Eyeliner,4.7,243,18900,19900
O.Two.O,Makeup Base Cream Invisible Pore Soft Focus Makeup Primer (Zero Pores Primer),4.7,66,69000,350000
Dazzle Me,Always Setting Loose Powder,4.6,287,31430,44900
Too Cool For School,Artclass by Rodin Shading,4.6,38,248000,248000
Mad For Makeup,SPOTLESS+ Acne Concealer,4.7,169,135150,143100
Jacquelle Beaute,BlushHer - Disney 100 Mickey & Minnie Collection,5.0,228,89400,149000
Holika Holika,Glitz Eyeliner (Like Shell Collection),4.6,27,168000,168000
Elise,Elise 3D 2884,5.0,1,39100,57500
Emina,Eye Do! Pencil Eye Liner,4.1,598,41000,41000
Mother of Pearl,So X-TRA! Peptides Sunscreen Foundation SPF 40 PA ++,4.5,468,149400,249000
Innisfree,Cinammon Roll - No-Sebum Mineral Powder Pink,4.8,5,104000,104000
Mother of Pearl,Mother of Pore-less! Complexion Kit,4.8,67,189500,265300
Mother of Pearl,Cover-Age High Coverage Creamy Concealer,4.7,2700,107400,171000
Secondate,Secondate The Little Mermaid Collection - Brow People Pencil,4.8,131,95000,95000
Dazzle Me,Our Secret Cover Concealer,4.5,262,27230,38900
TIMEPHORIA,DUNE HYPER-PRECISION SUPERSTAY EYELINER,No Rating,0,87900,87900
Rose All Day,"Ready, Set, Slay",No Rating,0,74500,149000
Clio,Superproof Brush Liner Kill,4.6,12,195000,260000
Luxcrime,Luxcrime On Fleek Browcara,4.6,51,85500,90250
Guele Cosmetics,Refill BARE Cushion,4.9,68,149000,149000
Elise,Elise Classic 03,4.7,2,26190,29100
Klavuu,BLUE PEARLSATION High Coverage Marine Collagen Aqua Cushion SPF50+ PA+++ (REFILL SET),4.8,35,449250,479200
Jacquelle Beaute,Brow Bar,4.9,153,112500,125000
Loreal Paris,Infallible Primer,4.6,20,191600,191600
About Tone,Fix On Vibe Brow,5.0,5,103200,109650
Evalash,Magnetic Eyelash Silver Set Belle  - Bulu Mata Palsu Magnetik,5.0,31,152100,169000
O.Two.O,Natural Soft Mist 3-in-1 Eyebrow Pencil,4.4,19,51330,120000
Nature Republic,Daily Basic Palette,4.6,22,240000,240000
Amuse,DEW POWER VEGAN CUSHION,4.9,6,406400,508000
Jacquelle Beaute,Velvet Cloud Lip Set,No Rating,0,77400,258000
Emina,Agent of Brow,4.3,671,36000,36000
Teddy Clubs,Clear Lip Gloss with UV Protection,4.5,85,53300,65000
PinkFlash,Waterproof Auto Eyebrow Pencil,No Rating,0,23900,56000
Focallure,Lightweight Glowing Cushion,4.8,8,169000,327000
BLP Beauty,Daybreak,4.6,42,239000,239000
Dear Me Beauty,Long Lasting Eyebrow Pen,4.7,325,22050,49000
BLP Beauty,Nightfall,4.6,23,239000,239000
Holika Holika,Devil's Plumper  - Hellgate Matte Primer,4.5,25,150100,158000
NAMA BEAUTY,Micro Tip Brow Definer,4.6,15,92650,109000
Mad For Makeup,Unbelipable Dew Tinted 6hr Lip Moisturizer,4.5,1100,81750,109000
barenbliss,Black Eclipse Eyeliner,4.8,4,40500,45000
Dazzle Me,The World Traveler Eyeshadow Pallette,4.7,223,44550,49500
Too Cool For School,Artclass by Rodin Blusher,4.9,9,260000,260000
Emina,Squeeze Me Up Browcara,4.6,224,60000,60000
Secondate,Magic Face Castle,4.7,67,199000,199000
PinkFlash,Waterproof Easy Eyebrow Pencil,3.2,1,13900,28000
Amuse,DEW JELLY VEGAN CUSHION,5.0,1,406400,508000
Guele Cosmetics,Guéle Lip Moist,4.5,89,79000,79000
Maybelline,Color Sensational Creamy Matte,4.6,66,88900,88900
Focallure,Poreless Matte Cushion,5.0,3,169000,327000
Dazzle Me,POV Eyeshadow,4.6,127,9950,19900
Emina,Squeeze Me Up Browcara Clear,4.5,190,60000,60000
SASC,Flawless Miracle Powder,4.6,149,140685,169500
Loreal Paris,Rouge Signature Wild Nudes Liquid Matte Lipstick,4.7,656,165000,165000
About Tone,Fluffy Air Blusher,4.8,2,111750,149000
Too Cool For School,Artclass by Rodin Finish Setting Pact,4.5,6,220000,220000
Focallure,Focallure x Sanrio Brows Gel Cream,4.8,5,59900,180000
Maybelline,Baby Skin Pore Eraser Foundation,4.3,5400,135900,135900
YOU Beauty,YOU Lashtension Enhancing Fiber Mascara,4.5,68,49300,58000
Dazzle Me,Sweet Girl Blush,4.6,71,14950,29900
Clio,Shade & Shadow Palette,4.7,10,337500,450000
Secondate,Dynasty Face Castle,4.6,32,199000,199000
Loreal Paris,Chiffon Signature Velvet Soft-Matte Liquid Lipstick,4.5,2,150000,165000
Bbia,BBIA Last Eye Primer,No Rating,0,102600,114000
Jacquelle Beaute,2in1 Eyessential Pen - Disney Mickey & Minnie edition (Eyeliner & Brow),4.9,317,89250,119000
Secondate,Sunshine Face Castle,4.5,61,199000,199000
Nacific,Allday Wonderproof Penliner,4.5,30,131900,131900
Clio,Kill Cover Fixer Cushion SPF 50+ PA+++,4.6,68,337500,450000
Clio,Chiffon Blur Tint,4.9,8,195000,260000
Aeris Beaute,Golden Silk Travel Set,4.9,6,287100,319000
Focallure,SUPERFINE LIQUID EYELINER,4.7,12,52000,108000
Wardah,Wardah Special Bundle Free Tumbler,No Rating,0,299000,527000
Wardah,Exclusive Eyeshadow Palette,4.6,220,106000,106000
YOU Beauty,YOU Simplicity Matte Loose Powder,4.5,41,27250,54500
Focallure,HIGHLIGHTER & BRONZER DUO,4.2,40,45400,84000
Secondate,Royal Lip Mousse,4.5,417,149000,149000
YOU Beauty,YOU Simplicity Flawless Compact Powder,4.5,37,30000,60000
Nacific,Dew Glaze Tint,4.4,1,132300,189000
YOU Beauty,YOU Simplicity Love You Tint,4.6,25,25000,50000
Dazzle Me,Cutie Pie Eyeshadow Palette,5.0,1,45900,45900
YOU Beauty,YOU Simplicity Glowy CC Cushion,4.6,24,55000,110000
Wardah,Exclusive Blush On,4.5,199,67000,67000
Jacquelle Beaute,Clear Gloss Serum SPY X FAMILY Collection,4.8,111,62550,139000
Blink Charm,Natural Flair #2 - 1 Pair Bundling Lem 1Ml,No Rating,0,48057,57900
Innisfree,No Sebum Mineral Powder Kuromi Special Edition,4.9,15,98800,104000
Wardah,Colorfit Highlight Contour Palette,4.3,7,95500,95500
YVENETIC,2-in-1 Magic Liner (Black & Clear) | Eyeliner Magnetik,No Rating,0,20650,59000
Emina,Bare With Me Mineral Mild Foundation,4.5,680,85500,85500
Focallure,PORELESS MATTE LOOSE POWDER,4.5,54,69000,168000
O.Two.O,Lash Bold Volume Lifting Mascara,4.4,6,59000,150000
Espoir,FULL DAY SETTING,4.7,14,233100,259000
Bbia,BBIA Last Auto Gel Eyeliner Slim,5.0,1,91200,102600
KAJA,Wink Stamp,No Rating,0,356000,445000
Focallure,SILKY SHAPING EYEBROW PENCIL,4.6,63,38000,98000
YVENETIC,BABYGIRL (Magnetic Eyelash) | Bulumata Magnet Menggunakan Eyeliner Magnetik,No Rating,0,35550,79000
SASC,Effortless Brow Definer,4.5,166,105160,119500
Focallure,2 IN 1 LIQUID LIPSTICK MATTE DUAL STICK,4.5,29,65999,378000
Base,Aura Wonders Eyeshadow Palette - Pink Twilight,No Rating,0,103950,189000
Focallure,LONGLASTING CUSHION FOUNDATION,4.4,47,80000,189000
LUNA,Long Lasting Conceal wear Cushion SPF50+/PA++++ & Refill,4.9,6,306000,450000
O.Two.O,Ultimate 5D Thick Mascara Waterproof  MakeUp Black Tahan Anti Air Long Lasting,3.7,2,60856,120000
YVENETIC,VIRAL (Magnetic Eyelash) | Bulumata Magnet Menggunakan Eyeliner Magnetik,No Rating,0,35550,79000
Jacquelle Beaute,Sunscreen x Two Way Cake,No Rating,0,206050,317000
Blink Charm,Limitless Beauty Brow,4.8,5,86870,119000
Dear Me Beauty,Stay Locked All Day,4.0,57,129000,129000
PinkFlash,Lengthening Waterproof Micro Brush Mascara,4.5,35,29500,84000
KIVA Cosmetics,KIVA Eyegasm Kit,No Rating,0,159000,242000
Wardah,Everyday BB Cream,4.1,3600,29900,53000
Emina,Cheek Lit Highlighter Powder Nudesparkle,4.5,45,48500,48500
Emina,Creamatte Metallic Edition,4.5,274,52000,52000
Focallure,WATERPROOF VOLUMIZING MASCARA,4.6,27,48000,121000
Focallure,MASCARA,4.5,22,45000,84000
YOU Beauty,YOU Simplicity Perfect BB Cream,4.5,10,30000,60000
YOU Beauty,YOU Simplicity Matte Lip Color,4.7,6,27250,54500
Mercredi,Mercredi - MR248,5.0,1,15840,18000
YVENETIC,Bundle VIRAL (Magnetic Eyelash) + 2-in-1 Magic Liner (Black & Clear),No Rating,0,49560,118000
Wardah,EyeXpert Eyeshadow Nude,4.4,2800,51500,51500
Holika Holika,Hard Cover Glow Cushion EX,4.6,40,458000,458000
YOU Beauty,YOU Rouge Power Matte Lip Cream,4.2,198,46500,93000
Mad For Makeup,MAD FOR MAKEUP BT21 Spotless Second Skin Serum Concealer,4.6,325,115600,136000
Maybelline,Tattoo Liner + Lash Lift FREE Eyelash Curler,No Rating,0,249000,249000
Lavie Lash,Precision Brow Tech,4.6,72,118600,118600
Blink Charm,Sweet Classic #5,4.8,12,35607,42900
KIVA Cosmetics,KIVA Glow Up Kit,No Rating,0,199000,287000
Wardah,Lightening BB Cream,4.2,3200,65900,65900
Wardah,Lightening Two Way Cake Light Feel,4.4,819,56900,56900
Goban,Sunkissed Matte Bronzing Powder,4.5,327,97300,139000
Artisan Professionnel,Delicat 7355,4.4,3,58000,58000
YOU Beauty,YOU Colorland Soft Stroke Lip Clay,4.5,31,34500,69000
Focallure,FLAWLESS LONGWEAR FOUNDATION,4.2,17,59699,59699
Rollover Reaction,Sueded Lip and Cheek Cream 2.0,4.8,22,139000,139000
BLP Beauty,Lip Bullet Biscotti x Lip Cotton,No Rating,0,268000,268000
LUNA,Base Layering Formula Fitting layer,5.0,3,224400,330000
LUNA,Fixer Powder Pact SPF36/PA+++,4.7,3,176800,260000
KIVA Cosmetics,KIVA Pigmentier Kit,No Rating,0,149000,239000
Jacquelle Beaute,Glow on the Go - Mickey & Minnie Edition,No Rating,0,247000,494000
YVENETIC,Bundle BABYGIRL (Magnetic Eyelash) + 2-in-1 Magic Liner (Black & Clear),No Rating,0,49560,118000
YVENETIC,Bundle LAVISH (Magnetic Eyelash) + 2-in-1 Magic Liner (Black & Clear),No Rating,0,49560,118000
YVENETIC,Bundle BO$$ BABE (Magnetic Eyelash) + 2-in-1 Magic Liner (Black & Clear),No Rating,0,49560,118000
YVENETIC,Bundle XOXO (Magnetic Eyelash) + 2-in-1 Magic Liner (Black & Clear),No Rating,0,49560,118000
YVENETIC,Bundle VIP (Magnetic Eyelash) + 2-in-1 Magic Liner (Black & Clear),No Rating,0,49560,118000
Rollover Reaction,Glazed! Liquid Eyetint,4.5,178,129000,129000
Wardah,Lightening Matte Powder,4.4,1900,40500,40500
Wardah,Instaperfect SPOTLIGHT Chromatic Eye Palette,4.4,199,175000,175000
Make Over,Cheek Marbles,4.5,74,216000,216000
Jacquelle Beaute,Lace Invisible Eyelid Tape,4.1,31,41400,69000
Focallure,Fluid Foundation,4.4,343,118000,118000
Make Over,Powerstay Weightless Liquid Foundation,4.5,836,185000,189000
SK-II,Atmosphere CC Cream,4.6,19,1240000,1240000
Emina,Bare With Me Mineral Cushion,4.4,2500,128500,128500
Wardah,Lightening Two Way Cake Extra Cover 10 gr,4.2,2400,64000,64000
Wardah,Exclusive Two Way Cake - 12gr,4.4,1400,105000,105000
Focallure,PRRESSED POWDER,4.3,203,115000,115000
Wardah,Acne Face Powder,4.2,184,54000,54000
Wardah,Blush On,4.2,3400,46500,48000
Mizzu,Blush Me Up,4.4,563,68500,68500
BLP Beauty,Face Glow,4.6,919,189000,189000
Mizzu,Hide'em Contour and Concealer,4.5,497,66000,66000
HEIMISH,Artless Glow Base SPF 50+ PA+++,4.3,58,238000,350000
Mad For Makeup,Incredibrow Brow Enhancer,4.6,536,96750,129000
Jacquelle Beaute,Invisible Eyelid Tape Sea Flow - Yellow,4.4,12,47600,119000
Make Over,Liquid Eyeliner 1.7 ml,4.3,207,95000,95000
Wardah,Eye Shadow - 3.3gr,4.2,1300,51500,51500
Lavie Lash,Fairydust - Tink,4.4,16,54780,54780
Lavie Lash,Value Pack,4.6,27,198800,198800
Lavie Lash,Accents,4.8,6,49800,54780
Lavie Lash,Wildflower,4.7,36,49800,49800
Lavie Lash,Au Naturel,4.5,52,49800,54780
Lavie Lash,Demi Goddess - Athena,5.0,1,35000,35000
Lavie Lash,Accents - Kate,5.0,2,30000,30000
Artisan Professionnel,L'Essentiel Special 246 X 743,No Rating,0,99000,99000
Lavie Lash,Fleur Value Pack,4.6,9,198800,198800
Lavie Lash,Snowdrop,4.7,5,54780,54780
Mizzu,Power Volume Mascara,4.3,375,55000,55000
Focallure,Mascara Volume & Length,4.3,68,84000,84000
Emina,Sugar Rush Lipstick,4.2,511,39500,39500
Make Over,Ultra Hi-Matte Lipstick,4.3,1300,97000,99000
Focallure,Long Lasting & Ultra Matte Liquid Lip Stain,4.5,51,180000,180000
Emina,Liquid Lip Shine,4.1,468,39500,39500
SASC,SASC Lip shine,4.3,62,149500,149500
Rose All Day,Instant Rosé Face Kit,4.3,221,229000,229000
Wardah,Exclusive Moist Lipstick,4.3,235,45500,45500
Wardah,Refill Lightening Two Way Cake Light Feel,4.6,412,38500,38500
Make Over,Refill Powerstay Demi-Matte Cover Cushion,4.6,264,147000,147000
Mizzu,Coffee Break Lip Cream,4.5,184,79000,79000
Focallure,Bomb Lashes Mascara,4.3,111,89000,89000
Mizzu,Lip Eye Set 1,No Rating,0,135000,135000
Nacific,Crush Mood Lip Cream,4.5,51,121900,121900
Klavuu,BLUE PEARLSATION High Coverage Marine Collagen Aqua Cushion SPF50+ PA+++ (REFILL),4.7,14,269000,269000
Wardah,Lightening Liquid Concealer,4.6,124,46500,46500
Clio,Stay Perfect No Sebum Blur Pact,5.0,2,277500,370000
Guele Cosmetics,Brow Cara,4.6,136,89000,89000
Mizzu,Browzilla,4.5,65,66000,66000
Make Over,MAKE OVER X Tities Sapoetra Intense Matte Lip Cream,4.6,158,107000,107000
Masami,Precision brow sculptor,4.5,11,98000,98000
Rabbit Habit,Rabbit Set,No Rating,0,634000,634000
Rabbit Habit,Moon set,No Rating,0,634000,634000
SASC,Flawless Kit,No Rating,0,259000,259000
Lavie Lash,Gold Getter Eyeshadow,4.5,12,196000,196000
Masami,Loveskin BB Cushion,4.6,34,249000,249000
Loreal Paris,Infallible 24H Matte Cover Foundation,4.8,1200,222000,222000
Focallure,Staymax Matte Lip Ink,4.1,50,89000,89000
Focallure,Plump High Shine Lip Glow,4.2,56,78000,78000
Wardah,Crystallure Precious All Day Corrective Concealer,4.6,9,135000,135000
Wardah,Crystallure Precious Lustre Prism Blush,4.8,19,139000,139000
Loreal Paris,Brilliant Signature Glossy Lip Stain,4.7,46,165000,165000
Rose All Day,Brow Fix Eyebrow Gel,4.6,294,129000,129000
BLP Beauty,Refill Cover Cushion,4.6,203,139000,139000
Artisan Professionnel,Artisan Professionnel Voile 5932 x Sela,5.0,8,50000,50000
Wardah,Colorfit Fresh Matte Lip Ink,4.4,70,64000,64000
barenbliss,Berry Makes Comfort Lip Cream,4.6,1300,34500,69000
Goban,Lip Matte FREE Satin Lip Gloss,No Rating,0,250000,250000
Goban,Melted Matte Lip MLBB FREE Satin Lip Gloss,No Rating,0,250000,250000
Goban,Sunkissed Matte Bronzing Powder FREE Lip Matte,No Rating,0,260000,260000
Goban,Perfect Cover Longwear Liquid FREE Melted Matte Lip MLBB,No Rating,0,250000,250000
Mizzu,Lipbuster Soft Matte,5.0,1,79000,79000
Nacific,Lovely Mood Eye Palette,4.6,86,252900,252900
Jacquelle Beaute,Tinted Lipcloud - Disney Winnie The Pooh edition,4.8,311,71400,119000
BLP Beauty,Power Liner Copper x Lip Coat,No Rating,0,248000,248000
SASC,SASC x Bioderma Bundle - Unstoppable to Love H2O,No Rating,0,259000,259000
SASC,SASC Bundle - Unstoppable to Speak Up,No Rating,0,388500,388500
SASC,SASC Bundle - We're Unstoppable Collections,No Rating,0,518000,518000
Secondate,Rude Nude Eyeshadow Palette,4.7,61,289000,289000
NAMA BEAUTY,Natural Brow Pencil,4.9,7,109000,109000
Focallure,TINTED BROW INK PEN,4.4,25,37990,78000
Focallure,PORELESS MATTE AIR CUSHION FOUNDATION,4.6,69,99000,224000
Focallure,LASTING WATERPROOF LIQUID EYELINER,4.3,64,40000,42000
Focallure,CHOCOLATE SOLEIL MATTE BRONZER,4.3,64,38000,84000
Focallure,PERFECTION VELVET BLUSH,4.6,182,38000,84000
Focallure,ALL-IN-ONE CONCEALER PALETTE,4.3,31,60000,154000
Allglows,Shake Lip Pigment,4.9,3,129000,129000
Focallure,BLURMAX PORE-MINIMIZE PRIMER,4.4,15,59000,158000
Focallure,STAY MATTE LIP INK,4.4,95,35000,89000
Mad For Makeup,Be BT21 Blendable Eye Palette,4.7,16,194250,259000
Allglows,KILL.Allglows Lid Pigment Shimmer,5.0,7,139000,139000
Blink Charm,Fearless Beauty Liner Intense Black,4.7,17,86870,119000
Secondate,Lip Tint x Lip Gloss,No Rating,0,228000,228000
Rose All Day,Rosé All Day Harry Potter Edition Eyes Bundle,No Rating,0,368000,368000
NAMA BEAUTY,Triple Action Beauty Stick,4.4,12,109650,129000
Blink Charm,Buy Natural Flair #2 Get Free White Brush On Lash Glue,No Rating,0,118607,142900
Blink Charm,Buy Sweet Classic #1 Get Free White Brush On Lash Glue,No Rating,0,118607,142900
Blink Charm,Buy Sweet Classic #3 Get Free White Brush On Lash Glue,No Rating,0,118607,142900
Blink Charm,Buy Natural Flair #3 Get Free White Brush On Lash Glue,No Rating,0,118607,142900
NAMA BEAUTY,Stick With Me Velvet Matte Lipstick,4.7,14,126650,149000
NAMA BEAUTY,NAMA Smooth Kiss Lip Tint,4.8,2,99000,99000
Blink Charm,Sweet Classic #5 + White Brush On Lash Glue Set,No Rating,0,87067,104900
Blink Charm,Natural Flair #2 + White Brush On Lash Glue Set,No Rating,0,87067,104900
BLP Beauty,Lip Coat BF x Face Base,No Rating,0,328000,328000
BLP Beauty,Lip Coat BF x Lip Cotton,No Rating,0,278000,278000
Buttonscarves Beauty,Everyday Perfect Blurring Compact Powder,4.8,10,233750,425000
Clio,Kill Brow Auto Hard Brow Pencil,No Rating,0,217500,290000
Emina,Poppin’ Matte X Chatime,4.2,12,52000,52000
Buttonscarves Beauty,Everyday Velvet Rouge Lipstick,4.3,11,132750,295000
Rose All Day,Harry Potter Lip Tints Holiday Bundles,4.6,11,299400,499000
Rose All Day,True Nude Holiday Bundles,No Rating,0,129000,215000
Rose All Day,Berry Kiss Holiday Bundle,No Rating,0,129000,215000
Evalash,The Beginners Bundle - Paket Bulu Mata Palsu Magnetik,No Rating,0,280540,338000
SASC,SASC X Lula Lahfah Lip Tint,4.9,3,113960,129500
NAMA BEAUTY,Perfect Line Waterproof Duo-Tip Eyeliner Pen,4.6,4,84150,99000
NAMA BEAUTY,Micro Smooth Matte Eyeliner Gel,4.9,2,67150,79000
NAMA BEAUTY,Power Powder Matte Finish Compact,4.5,5,199000,199000
NAMA BEAUTY,Glamorous Glow Highlighter Palette,5.0,1,289000,289000
NAMA BEAUTY,Luminous Glow Highlighter Palette,5.0,1,245650,289000
Indoganic,Lip & Cheek Paint,4.8,5,106000,106000
Rollover Reaction,REFILL PLUMP! Skin-Loving Blurring Cushion,4.7,7,145000,145000
Secondate,Wish Upon A Star Bundle,No Rating,0,348000,348000
Clio,"Sharp, So Simple Brow Pencil",5.0,1,150000,200000
Elise,Elise Classic 4531,5.0,1,22698,29100
Elise,Elise Classic 824,5.0,1,19788,29100
Elise,Elise Pro 5234,5.0,1,26190,29100
Elise,Elise Tokyo 61,5.0,1,43650,48500
BLP Beauty,Eyeshadow Pen Walnut x Dream Brow Clear,No Rating,0,238000,238000
BLP Beauty,Eyeshadow Pen Walnut x Dream Brow Dark Brown,No Rating,0,238000,238000
BLP Beauty,Makeup Seal & Lock x Face Powder,No Rating,0,308000,308000
BLP Beauty,Makeup Seal & Lock x Face Concealer,No Rating,0,288000,288000
BLP Beauty,Makeup Seal & Lock x Makeup Fixer,No Rating,0,268000,268000
BLP Beauty,Makeup Seal & Lock x Face Base,No Rating,0,348000,348000
Maybelline,Vinyl Ink Tint + Colossal Mascara FREE Concealer,No Rating,0,222400,222400
Maybelline,Fit Me Fresh Tint + Superstay Matte Ink FREE Micellar,No Rating,0,242400,242400
LUNA,Base Layering Formula Velvet layer,5.0,2,224400,330000
LUNA,Base Layering Formula SPF50+/PA++++ Peach layer,5.0,1,224400,330000
LUNA,Long Lasting Setting Fixer,5.0,2,156400,230000
Clio,"Kill Cover Founwear Foundation SPF 30, PA+++",No Rating,0,382500,510000
Too Cool For School,Artclass by Rodin Shading #Classic set with leather and brush,No Rating,0,320000,320000
Guele Cosmetics,Lashcara,4.8,4,129000,129000
O.Two.O,Lip Tint Kissproof Matte Waterproof Long  Lasting Liquid Lipstick Cosmetic Cream to matte,No Rating,0,100000,100000
Buttonscarves Beauty,Everyday Bronzing Stick,5.0,1,137500,275000
Buttonscarves Beauty,Glow-rious Magic Cushion,5.0,2,236250,525000
Buttonscarves Beauty,Magic Touch Cover Cushion Refill,5.0,1,295000,295000
Jacquelle Beaute,Jacquelle She’ll Be Your Precious Lash Makeup Set - Disney Princess Ariel edition,No Rating,0,166400,208000
Goute,Goucompact,No Rating,0,83700,83700
Klavuu,Korean Actress' Fav Primer,No Rating,0,1212800,1516000
Buttonscarves Beauty,Eyemazing Mascara - Black,5.0,1,243750,375000
KIVA Cosmetics,KIVA Perfect Pair,No Rating,0,169000,273000
KAJA,Wink Lash Trio,No Rating,0,375200,469000
YVENETIC,GOSSIP (Magnetic Eyelash) | Bulumata Magnet Menggunakan Eyeliner Magnetik,No Rating,0,35550,79000
KAJA,SWEETEST PAIR Best of  Lip Duo,No Rating,0,499000,499000
KAJA,BESTSELLER EYES SET,No Rating,0,914000,914000
YVENETIC,Bundle GOSSIP (Magnetic Eyelash) + 2-in-1 Magic Liner (Black & Clear),No Rating,0,49560,118000
YVENETIC,Bundle BOMBSHELL (Magnetic Eyelash) + 2-in-1 Magic Liner (Black & Clear),No Rating,0,49560,118000
YVENETIC,Bundle FANTASY (Magnetic Eyelash) + 2-in-1 Magic Liner (Black & Clear),No Rating,0,49560,118000
TIMEPHORIA,Ready Set Glow,No Rating,0,682800,682800
TIMEPHORIA,Ready Set Bold,No Rating,0,682800,682800
